Company,Rating
10x Genomics,1
1910 Genetics,1
1st St. NW Technical Staffing,1
3D Systems,2
3dprint.com,1
3M,2
4C Air,2
A Tech Giant,1
A100 US LLC,1
A123 Systems LLC,1
"A2Z Development Center, Inc.",1
A3 Acoustics,1
A³ by Airbus,2
AAOS,1
ABB,1
Abbott Laboratories,1
Abraxas Energy Consulting,1
Absolute Haitian Corporation,2
Abt Associates,1
Acacia Communications,1
Accenture,1
Accion Systems,2
ACCIONA's Services Energy,1
ACCO Engineered Systems,1
Accudyne Industries,2
Accurus Aerospace,1
AccuTube,1
Acero Precision,1
ACG Network,1
Achronix,1
ACS Design & Construction,1
ACS Group,1
ACS Motion Control,1
Activ8 Recruitment & Solutions,1
Active,1
Acuitus,1
Acuity Brands,1
Acumed,1
ADS CFD,3
"Adsync Technologies, Inc.",1
"Advance Design & Systems, LLC",1
"Advanced Energy Industries, Inc",1
"Advanced Micro Devices, Inc.",1
"Advanced Personnel Profiles, Inc.",1
Advanced Thermal Solutions,1
AdvanSix INC,1
Advantage Resourcing,1
Advantest,1
AdventHealth Connerton,1
Adventist Health,1
Adventist Health Portland,1
Advocate Health Care,1
Advocate Lutheran General Hospital,1
Aechelon Technology Inc.,1
AECOM,1
"Aeration Industries International, LLC",1
Aeroforce Logistics LLC,1
Aerojet Rocketdyne,3
Aeroseal,1
AeroTEC Inc,3
Aerovironment,3
"AeroVironment, Inc.",3
AESC,1
"AEye, Inc",1
"AFC Tool, Inc.",1
"Affera, Inc.",1
"Affiliated Engineers, Inc.",1
AFL Telecommunications LLC,1
"AG MACHINING & IND., INC",1
"AGI - Analytical Graphics, Inc.",2
AgileSwitch,1
"Agilis Engineering, Inc.",3
Agusta Westland,3
AIM Aerospace,3
Ainstein,1
Air Methods,1
Air Products,1
Airbnb,1
Airbus UTM,2
Airtable,1
AIS Inc,1
AIT Worldwide Logistics,1
AK Steel,1
AKF GROUP LLC,1
AKKA technologies,1
"AKM Semiconductor, Inc",1
Akoustis Technologies Inc.,1
Akraya Inc.,1
Alarm.com,1
Albertsons Companies,1
"Alcyone Lifesciences, Inc.",1
Alert Innovation,1
AlfaTech,1
Alibaba,1
Align Technology,1
Alion Energy,1
Alion Science and Technology,2
Allegiance Consulting,1
Allegion,1
Allen Institute,1
Allied Systems Company,1
Allied Telesis,1
Ally Financial Inc.,1
Alnylam,1
Alpha & Omega Semiconductor,1
ALSTOM,1
Alt Shift USA,1
Altair,2
Altair Engineering,2
Altamira,1
"Alternative Design Concepts, LLC",1
Altex Technologies,2
Altra Industrial Motion Corp.,1
Altran,1
Altron Automation,1
AM Life Science,1
Amador Bioscience Inc,1
Amazon Robotics LLC,1
Amazon Services LLC,1
"Amazon Web Services, Inc.",1
"Amazon.com Services, Inc.",1
Ambarella,1
Amber Kinetics,1
Ambient Energy,1
Ambrell Corporation,1
Ameresco,1
American Academy of Orthopaedic Surgeons,1
American Eagle Outfitters,1
American Medical Association,1
American Science & Engineering,1
American Science and Engineering,1
AMERICAN SYSTEMS,1
American Tower,1
American Transmission,1
American Transmission Co.,1
AmerisourceBergen,1
"AMETEK, Inc.",1
Amgen,1
Amita Health,1
Ampco Pumps Co Inc,1
Ampere Computing,1
Amphenol ICC,1
Amphenol Pcd,1
Amsted Industries,1
AMV Inc.,1
Amyris,1
"Amyris, Inc.",1
Anaesthesia Associates of MASS.,1
Analog Bits,1
Analog Devices,1
Analog Photonics,1
Analogic,1
"Analytical Mechanics Associates, Inc.",3
"Analytical Services & Materials, Inc.",3
Andersen Corporation,1
Andrews Cooper,1
Andromeda Systems Incorporated,1
"Anguil Environmental Systems, Inc.",1
Anika Therapeutics,1
Ann & Robert H. Lurie Children’s Hospital of Chica...,1
Anritsu Company,1
Answer Engineering,3
ANSYS,2
"AOSense, Inc.",1
APD Engineering and Architecture,1
Aperia Technologies,1
Apex Race Parts,1
Aphios Corporation,1
"Apogee Engineering, LLC",1
"Apollo Professional Solutions, Inc",1
Apparent,1
Apple,1
Applied Composites San Diego,1
Applied Energy Systems Inc,1
Applied Engineering,1
"Applied Engineering, Inc",1
Applied Industrial Technologies,1
Applied Intuition,1
Applied Materials Inc.,1
"Applied Mechanical Systems, Inc.",1
Applied Optimization,1
Applied Research Solutions,1
ApTask,1
Aptima,1
Arcadia.io,1
"ArcherDX, INC.",1
Archimedic,1
Architecture Technology Corporation (ATCorp),1
ARCON Corporation,1
Arconic,2
Arevo Inc.,2
Argent Technologies,1
Argo AI,1
Argonne National Laboratory,2
ARiA,1
Aria Insights,1
"Arista Networks, Inc.",1
ARK Solutions,1
"Arora Engineers, Inc.",1
Arrayo,1
Arup,1
AS&E,1
Asamicro,1
"Ascend Analytics, LLC",1
Ascension Living,1
"Ascension Wisconsin, WI",1
"Ascent Aerospace,LLC",2
Ascentec Engineering,1
"ASKO Processing, Inc. ( Fremont Location )",1
ASML,1
Aspen Neuroscience,1
Aspen Technology,1
"Asplundh Tree Expert, LLC- 010 Standard",1
ASRC Federal Holding Company,1
Assa Abloy,1
ASSA ABLOY Opening Solutions,1
Associated Engineering Consultants,1
"Association for Energy Affordability, Inc.",1
"Association For Energy Affordability, Inc.",1
ASSURANCE,1
Assurance Careers,1
Astranis,2
Astreya,1
Astronics,1
Asylon,2
AT&T,1
ATAC,2
Athos,1
ATI,1
Atlantis Technical Services,1
Atmosera,1
Audentes Therapeutics,1
"Augustine Consulting, Inc.",1
"Auris Health, Inc.",1
Auro Robotics,1
Aurora,1
Aurora Flight Sciences,3
Aurora Tech,1
"Auto-Valve, Inc.",1
Autodesk,1
Autonodyne,2
"Avails Medical, Inc.",1
Avanade,1
"AVANGRID RENEWABLES, LLC",1
Avani Technology Solutions Inc,1
Aviation Unmanned,1
"Avinger, Inc.",1
AVROBIO,1
AvtechTyee,1
Axcelis Technologies Inc.,1
Ayar Labs,1
Ayoob & Peery,1
Azimuth Corporation,1
B3H Corporation,1
Babcock & Wilcox,1
Badger Meter,1
BAE Systems,3
Baidu USA,2
Baker Hughes,1
Bala Consulting,1
Balfour Beatty,1
Ball Aerospace,3
Ball Corporation,1
Ballard Marine Construction,1
Bancroft Architects + Engineers,1
Bank of America,1
Banner Engineering Corporation,1
Barber-Nichols Inc,3
Barnett Engineering & Signaling Laboratories (BESL...,1
Barr Engineering,1
Barry Callebaut,1
Barry Wehmiller Companies Inc,1
Battelle,1
Baumann Consulting,1
Bay Associates Wire Technologies,1
Bayer,1
BD,1
Bechtel,1
Beckman Coulter - Diagnostics Danaher,1
Beckman Coulter - Life Sciences Danaher,1
Belcan,2
Bell Laboratories,1
"Bell Laboratories, Inc",1
Benedictine University,1
Bergmann,1
Bergmann Associates,1
"Berkeley Lights, Inc.",1
Berkshire Grey,2
Bertrandt US,1
Beyond Efficiency,1
Beyond Meat,1
Beyond Vision,1
"BG Buildingworks, Inc.",1
BHI Energy,1
Big Ladder Software,1
Bigbelly,1
Bigstream Solutions,1
Bilfinger Industrial Services Inc.,1
Bilfinger Westcon,1
Bilin Technology,1
Bio-Rad,1
BioMarin,1
BioMart Inc,1
Black & Veatch,1
BlazeTech,1
Blount International,1
Blue & Gold Fleet,1
Blue Canyon Technologies,1
Blue Current,1
Blue Moon Digital,1
Blue Nile,1
Blue Origin,3
Blue Owl,1
BLUSA Defense Manufacturing,1
BMC HealthNet Plan,1
BMW of North America LLC.,1
"BNP Associates, Inc",1
Bodkin Design & Engineering,1
BOEING,3
Boeing,3
Bombardier,3
Boom Supersonic,3
Booz Allen Hamilton,1
Bosch Group,1
Bose,1
Bossanova Robotics,1
Boston Children's Hospital,1
Boston Children's Hospital - IPEP,1
Boston Dynamics,2
Boston Medical Center (BMC),1
Boston Metal,1
Boston Scientific Corporation,1
Brady Corporation,1
BranchPattern,1
Braxton Science & Technology Group,1
"BREE & Associates, Inc",1
Breker Verification Systems,1
Bridge12 Technologies,1
BRIDGECON MANUFACTURING,1
Briggs and Stratton,1
Brigham & Women's Hospital(BWH),1
Bright Lights USA,1
"Brilligent Solutions, Inc.",1
Brindley Engineering,1
Broad Institute,1
Broadcom,1
Broetje Automation,1
Brooks Automation,1
Brooks Instrument,1
Brown and Caldwell,1
BRP,1
BRS,1
Bruker,1
Brunton Architects & Engineers,1
BSI,1
BTAS,1
BTL Technologies Inc.,1
BTS,1
Bucher Aerospace,1
Buckingham,1
Building Systems Holdings,1
Built Robotics,1
Bulletproof 360,1
Bureau Veritas,1
Burns & McDonnell,1
"Burns Engineering, Inc",1
BuroHappold Engineering,1
Byton,2
"C&E Services, Inc.",1
C&H Enterprises,1
"C&H Sugar Company, Inc.",1
Cabot Microelectronics,1
CACI,1
Cadence Aerospace,1
Cadence Aerospace - Precision Machine Works,1
Cadence Design Systems,1
Cal Engineering Solutions Inc.,1
Calgon Carbon Corp,1
California State University,1
Caliper Corporation,1
Calix,1
Calvary Robotics,1
Calypso Way Inc,1
Cambridge Consultants Ltd,1
Cameron Craig Group,1
Cammisa and Wipf Consulting Engineers,1
"Campfire, LLC",1
Can-Am Consultants,1
Canadian Solar,1
Cannon Design,1
"Canon U.S.A., Inc.",1
Canopy Growth Corporation,1
Canopy Health,1
Cantel Medical Corporation,1
Capella Space,1
"Capital Search, Inc.",1
"Capsim Management Simulations, Inc",1
CAPTRUST,1
Carbon3D,2
Cardiac Science Corporation,1
Cardinal Intellectual Property,1
"Cardinal Intellectual Property, Inc",1
"Cardiovascular Systems, Inc.",1
Career Finders,1
Career Start,1
Cargotec,1
"Carl Zeiss Meditec, Inc",1
Carlisle Companies,1
"Carollo Engineers, Inc.",1
Carrier,1
Cascade Engineering Services,1
"CASCADE ENGINEERING TECHNOLOGIES, INC",1
Cascades,1
Cataldo Ambulance,1
CAYLEY AEROSPACE,3
CBRE,1
"cCARE - California Cancer Associates for Research & Excellence, Inc.",1
cCARE - California Cancer Associates for Research...,1
Cedar Electronics,1
Celerity Consulting Group Inc,1
CENSEO AV Acoustics,1
Centauri,1
CENTRA Technology,1
Cerium systems,1
Certara,1
CGN Global,1
Chandler Industries,1
ChargePoint,1
Charles Hudson Technology Solutions,1
Charles River Analytics,1
Charles River Analytics Inc.,1
Charles River Associates,1
Checkpoint Systems,1
Chester Upland School District,1
Chestnut Engineering,1
Chevron,1
Chew Innovation,1
Children's Hospital Colorado,1
Chr. Hansen,1
Christa McAuliffe Charter School,1
Christy Company,1
"Chroma ATE, Inc.",1
Chromalloy,1
"Cimarron Software Service, Inc",1
Cinder,1
Cisco Careers,1
Citi,1
CITI,1
CitiusTech,1
Citrine,1
City & County of San Francisco,1
City of Minneapolis,1
"City of Oakland, CA",1
City of Philadelphia,1
City of St. Paul,1
City of Vallejo,1
"City of Vallejo, CA",1
CJ Seto Support Services,1
Clarios,1
Clark Richardson & Biskup,1
"Clark, Richardson & Biskup Consulting Engineers, I...",1
"Clark, Richardson and Biskup Consulting Engineers,...",1
Clean Methane Systems LLC,1
Clean Water Environmental LLC,1
Cleanpart,1
Clear Ballot,1
Clearcover,1
Cleared Recruiters,1
CLEAResult,1
CLEAResult Consulting,1
ClearPrism,1
Clinical Management Consultants,1
Clopay Building Products,1
Cloud Agronomics,1
cloudclade,1
CLUES,1
Clutch,1
"CMTA, Inc.",1
CNC Solutions,1
"CNG Engineering, PLLC.",1
CNH Industrial,1
Cobalt Robotics,1
Cobec Consulting,1
Cobham,1
"COFAN, KOMOT USA, INC.",1
Coffman Engineers,1
Cogent Infotech,1
Cognex Corporation,1
Cognitive Medical Systems,1
Cognizant Technology Solutions,1
"Coherent Technical Services, Inc.",1
"Coherent, Inc.",1
"Cohu, Inc.",1
ColdQuanta,2
Collins Aerospace,1
Colorado Christian University,1
Colorado School of Mines,1
COLSA,1
Columbia Consulting Group,1
"Columbus Technologies and Services, Inc.",1
Comcast,1
COMET Group,1
Commercial Construction North America,1
Committee for Children,1
Commonwealth Fusion Systems,2
Communications & Power Industries,1
Companion Medical Inc.,1
Complete Genomics,1
Compology,1
Composite Advantage,1
"Composite Technology Develpment, Inc.",1
Composites One,1
Computech Corporation,1
"Computer Enterprises, Inc. (CEI)",1
COMSOL,3
COMSOL Inc.,3
Comtech Xicom Technology,1
Concurrency,1
Confab Systems,1
Confidential,1
CONMED,1
ConMet,1
Consolidated Precision Products,1
CONTEX Engineering International,1
"Continental Tide Defense Systems, Inc.",1
Continuum,1
"CONTROL CONCEPTS, INC.",1
Controls Corporation of America,1
"Convergence Controls & Engineering, LLC",1
Convergent Science,3
Cooler Screens,1
Corbus Pharmaceuticals,1
Cordoba Corporation,1
Core States Group,1
Cornerstone Building Brands,1
"Cornerstone Research Group, Inc.",2
Courtyard by Marriott Chicago Deerfield,1
COWI,1
"CPM Holdings, Inc.",1
Craig Technologies,2
Crane Co.,1
CRB Consulting Engineers,1
"CRB Consulting Engineers, Inc.",1
creamitinc,2
Creator,1
Creator Inc,1
Credence LLC,1
CREE,1
Cresttek LLC,1
CRL Technologies,1
Crozer Keystone Health System,1
CRRC Sifang America,1
Cruise,1
Crystal Dynamics,1
CSBio,1
CSL,1
CSL Behring,1
CTDI,1
CTS Corporation,1
Cubic,1
Cubic Corporation,1
Culligan,1
Culligan International,1
Cummins Allison,1
Curry College,1
Curtis Instruments,1
Curtiss-Wright,1
Curtiss-Wright Corporation,1
Cutera,1
CyberArk,1
Cypress Semiconductor,1
Cystems Logic Inc.,1
"Cytel, Inc (USA)",1
Daifuku America Corporation,1
Daikin Applied,1
Daimler,1
Dalsin Industries,1
Damar Aerospace,1
Dana-Farber Cancer Institute,1
Dart Container,1
Dassault Systèmes,3
DATACLOUD,1
"Datasyst Engineering & Testing Services, Inc.",1
DAV Energy Solutions,1
DAVENERGY SOLUTIONS,1
David Douglas School District #40,1
DAVID DOUGLAS SD 40,1
"Davis Tool, Inc.",1
"Dayton Physicians, LLC",1
Dayton Precision Aerospace,1
dbHMS,1
DCS Corp,1
Decentrix,1
Deeplocal Inc.,1
DeepMotion,1
Defense Engineering Corporation,1
Delaware Valley Regional Planning Commission,1
Deliverr Inc,1
Deloitte,1
Delta Digital Video,1
"Delta Star, Inc.",1
Dematic,1
Dennis Group,1
Department of Environmental Protection,1
Department of Public Health,1
Dept of Public Utilities,1
Designing Digitally,1
DeSimone,1
Desktop Metal,2
DESTACO,1
Device Search Group,1
Dexcom,1
Dexterity Capital,1
DGI Supply DoALL - MAIN ACCOUNT,1
"DGI Supply, A DoALL Company",1
Dialog Semiconductor,1
Diamond Foundry,1
"DiCon Fiberoptics, Inc.",1
DiDi Labs,1
Digicomm International,1
"Digicomm International, Inc.",1
Digital Lumens,1
Digital Techniques,1
Dignity Health - Saint Marys Medical Center,1
Dimitri J. Ververelli,2
dinaliC,1
Dingo,1
DIS,1
Discover Financial Services,1
Disney,1
"Diversified Technologies, Inc.",1
DKS Associates,1
DLR Group,1
DNV GL,1
Dominion Voting Systems,1
Dorman Products,1
Doug Speedling Builders Inc.,1
Dover Precision Components,1
DP Technology Corp,1
DPSS Lasers,1
Draper,1
Dreamline,1
Drexel University,1
Droplette,1
DRW,1
Dry Development,1
DSJ Global,1
"DUFF AND PHELPS, LLC",1
DunAn Sensing,1
Dunham Associates,1
DuPont,1
Duravant,1
Dye Precision CNC,1
Dynetics,1
Dyno Nobel,1
Dynomax Inc.,1
Dyson,1
"E2 Consulting Engineers, Inc.",1
Eagle Automation,1
Eagle SNG,1
Eargo,1
Eateam,1
Eaton,1
EBMUD,1
EBots,2
Echodyne,1
ECI Technology,1
"Eclipse Aerospace, Inc",1
Ecolab,1
Ecosystem,1
Ecotope,1
ED Wallach Search Group,1
"Edaptive Computing, Inc.",1
Edison Energy,1
Edmonds Community College,1
Educated Solutions Corp,1
EE Recruiters,1
"EFI Global, Inc.",1
"EIS Group, Inc.",1
Elara Engineering,1
Electric Power Research Institute,1
"Electronic Mechanical Industries, Inc.",1
ELEDLIGHTS.com,1
Element Materials Technology,1
Elevation Proving Grounds,1
Elevations Credit Union,1
Elite Line Services,1
Elkay Manufacturing,1
Elliott Tool Technologies,1
Elmhurst College,1
eLogic LLC,1
Elroy Air,3
Emcor,1
EMD,1
Emerald Performance Materials,1
Emerson,1
Emissol LLC,1
EMME,1
Employbridge Search Group,1
Enercon Industries Corporation,1
"Enercon Services, Inc.",1
Energetiq,1
Energy Services Group International,1
Energy Solutions,1
Enersys,1
ENGIE North America Inc.,1
Enginetics,1
Enginuity Advantage,1
"Enjet Aero, LLC",2
Entegee,1
Entegris,1
Entrust Datacard,1
Environmental & Construction Solutions,1
"Environmental Systems Design, Inc.",1
Envista Forensics,1
Envitech,1
Epic Care,1
Epic Careers,1
Epic Sports Biomechanics LLC,1
EPLAN,1
Epsilon Systems Inc,1
"Era Industries, Inc.",1
ERM,1
ERM Group,1
Erni Electronics Inc,1
ERNIESYS,1
ESE Services,1
ESG Automotive Inc.,1
ESI Engineering,1
esmo USA Corp.,1
"ESS, Inc.",1
"Essai, Inc.",1
ESSENTIAL,1
Essential Design,1
"ESW Group, Inc",1
ETA Consulting,1
EtaGen,1
ETC,1
eTek IT Service,1
Eurofins Lancaster Laboratories Professional Scien...,1
Evans and James,1
EVCO PLASTICS,1
EVERSOURCE,1
Everspring,1
Evidera,1
Evolent Health,1
Evolv Technology,1
Evoqua Water Technologies,1
EwingCole,1
eWorld Solutions,1
Exact Sciences,1
Excel Engineering Inc,1
Excelitas Technologies,1
Exclara,1
Exec Office of Technology Services and Security,1
ExecuTech Search,1
Exotic Metals,1
exp,1
Expect Engineering Solutions,1
Explore Engineering Solutions,1
Exponent,1
Extreme Engineering Solutions,1
Exyn Technologies,3
"F.tech R&D North America, Inc.",1
Fabrinet West,1
Facebook,1
FactoryFix,1
Fairview Health Services,1
FARD Engineers,1
Fast Radius,1
Feasible,1
Federal Package Network,1
Federal Reserve Bank of San Francisco,1
FedEx Ground Careers US,1
Ferco Aerospace Group,1
Ferrara Candy Company,1
Festo Corporation,1
Festool USA,1
Fetch Robotics,1
Fictiv,1
FinancialForce.com,1
Firefly Dimension,1
First Mode,2
"Fishman Transducers, Inc.",1
Fitbit,1
"Fitzemeyer & Tocci Associates, Inc.",1
Fives,1
Fjord Management,1
Flatiron,1
FLC Technology Group,1
Flex,1
Flexential,1
Flexiv,1
Fluke,1
Fluor Corporation,1
Flux Resources,1
FlyOver America,1
FM Global,1
Focal Point Lights,1
"Focal Point, LLC",1
Focus EduSolutions,1
Foghorn Therapeutics,1
Food Management Search,1
Ford Motor Company,1
"FormFactor, Inc.",1
Formlabs,2
Formost Fuji Corporation,1
Forward,1
"FOX FACTORY, INC.",1
Foxconn,1
Foxconn Interconnect Technology,1
Foxconn Technology Group,1
Franklin Electric,1
Frederick National Laboratory,1
Fresh Consulting,1
Freudenberg Medical,1
Frontier Technology Inc.,1
FST Technical Services,1
Futran Solutions,1
"Future Technologies, Inc.",1
Futures Consulting,1
"Futures Consulting, LLC",1
Fuyao Glass America Inc,1
G&W Electric Company,1
"G2 Integrated Solutions, LLC",1
G2 Software,1
G2S Corporation,1
Gamma Technologies,2
Gap Inc.,1
Gas Technology Institute,1
Gas Transmission Systems Inc,1
GCP Applied Technologies,1
GDMS,1
GE Aviation,3
GE Corporate,1
GE Healthcare,1
Gemini Composites,1
"GenapSys, Inc.",1
Genentech,1
Generac Power Systems,1
General Atomics and Affiliated Companies,2
General Dynamics Information Technology,1
General Dynamics Mission Systems,1
General Dynamics Ordinance and Tactical Systems,1
General Dynamics Ordnance and Tactical Systems,1
General Electric,1
"Genesis Engineers, Inc.",1
GenScript,1
Genuine Parts Company,1
GEO Semiconductor,1
Geologics Corporation,1
Georgia Tech Research Institute,1
Geoscape Solar,1
GH Phipps Construction Companies,1
"Ghost Productions, Inc.",1
Gifford Fong Associates (GFA),1
GKN Aerospace,3
GlassPoint Solar,1
GLO USA Inc.,1
Global Linguist Solutions,1
Global Manufacturing,1
GLOBALFOUNDRIES,1
"GlobalLogic, Inc.",1
GLOBE COMPOSITE SOLUTIONS,1
GM Nameplate,1
GNS Healthcare,1
Gogo Commercial Aviation,1
GokeUSLab,1
GoldSim Technology Group,1
GOLDWIND USA INC,1
Gooch & Housego,1
Good Samaritan Hospital,1
Google,1
Gosiger,1
GouMax Technology,1
Graco,1
GRAEF,1
Granite Construction Inc,1
Graphic Packaging International,1
"Graphic Packaging International, Inc.",1
Graymont,1
Great Lakes Coca-Cola Bottling,1
Green Tokai Co. Ltd.,1
"GREEN TOKAI CO., LTD.",1
Greenbusch Group,1
"Greene, Tweed & Co.",1
"Grifols Shared Services North America, Inc",1
Grubhub,1
Gryphon Technologies,1
GSK,1
Guardian Life Insurance Company,1
Gustavo Preston Company,1
GutCheck,1
H.B. Fuller,1
"H.O. Bostrom Company, Inc.",1
Haag,1
Hagen & Company Inc.,1
Halpin Staffing Services,1
Hamamatsu Corporation,1
Hamon Deltak Inc.,1
Harder Mechanical Contractors,1
Hardy Diagnostics,1
Hargrove Engineers + Constructors,1
Harley Ellis Devereaux,1
Harley-Davidson,1
Harmon Inc.,1
Harris Group,1
Harvard University,1
HAVI,1
Hawk Ridge Systems,1
Hawthorne Gardening,1
Hawthorne Gardening Company,1
Hazen and Sawyer,1
HCL America,1
HCL America Inc,1
HCL Americas,1
HDR,1
Headway Technologies,1
Hefring Engineering,1
Helbling Precision Engineering Inc.,1
HellermannTyton,1
Henny Penny,1
Heraeus,1
Herzog,1
Hewlett Packard Enterprise,1
Hexcel Corporation,1
HGA Architects & Engineers,1
Hidden Path Entertainment,1
Highlands Ranch Metro and Centennial Water & Sanit...,1
Highline Community College,1
HighPoint Resources,1
HIS Innovations Group,1
"Hitachi America, Ltd.",1
"Hitachi High Technologies America, Inc.",1
HMFP/APHMFP,1
HNTB,1
HNTB Corporation,1
Hogarth Worldwide,1
Hohman Plating,1
HOK,1
Holcim (US) Inc.,1
Holland LP,1
Hologic,1
HOLTEC INTERNATIONAL,1
Holtec International,1
Honda Research Institute USA,1
Honeywell,2
Hooper Corporation,1
Horton,1
"Horton, Inc.",1
HP,1
HP Hood LLC,1
HTC,1
Hubbell Incorporated,1
"Human Capital Solutions, Inc (on behalf of hiring...",1
Human Castle Executive Search,1
HumCap Recruiting,1
Hunter Roberts Construction Group,1
Huntington Ingalls Industries (HII-MDIS),1
"HUSCO International, Inc.",1
"Hydra-Flex, Inc.",1
Hyster-Yale Group,1
Hytek Finishes,1
Hyve Solutions,1
i-Pharm Consulting,1
IBC Engineering Services,1
"iCAD, Inc",1
ICF,1
Ichor Systems,1
"ICS Consulting, Inc.",1
IDEO,1
Idex Corporation,1
Idex Solutions Inc.,1
"ifm efector, inc.",1
IHS Markit,1
Illumina,1
Imaginetics,1
IMAGINiT Technologies,1
IMC Financial Markets,1
IMEG Corp,1
IMI Precision Engineering,1
"IMPAKT, a Celestica Company",1
Impossible Foods,1
IMS Technology,1
IMS Technology Services Inc,1
In-Depth Engineering Corporation,1
Inceptio Technology,2
InContext Solutions,1
Incubelabs,1
Indeck Power Equipment Company,1
Indigo,1
Indigo Technologies,1
Inductotherm Corp.,1
INDUCTOTHERM CORP.,1
Industrial Automation Inc.,1
Infinera,1
infiniRel,1
"Infinity Machine & Engineering, Corp",1
Infotree Service Inc,1
Ingersoll Rand,1
Ingeteam Inc.,1
INNIO,2
INNO4,1
"Innovyze, Inc.",1
Inovio Pharmaceuticals,1
Inscripta,1
Insight Global,1
"Institute for Shock Physics, Washington State University",1
Instron,1
Instrument Development Corp,1
Instrumentation Laboratory,1
Intact Solutions,2
Integra LifeSciences,1
"Integral Consulting Services, Inc.",1
Integrated Design Group,1
INTEGRIPATH,1
Intel,1
Intelicis,1
Intense Engineering,1
Intermolecular,1
Intermountain Electric,1
InterSystems Corporation,1
Intertek,1
"Inteva Products, LLC",1
Intralox,1
Intrex Aerospace,1
Intrexon Corp,1
"Intuitive Surgical, Inc.",2
Intuity Medical,1
InvenSense,1
Invesco,1
Invetech,1
Invitae,1
Invotec,1
"ION Corporation, Inc.",1
iota Biosciences,1
IPS-Integrated Project Services,1
"IPTE Alpharetta, GA, USA",1
IQVIA,1
ISG,1
itech informatix,1
ITW,1
ITW Construction Products,1
ITW Corporate,1
ITW Professional Automotive Products,1
ITW Specialty Products,1
ITW Test & Measurement and Equipment,1
IVEC Systems,1
Ivec Systems Inc,1
J. D. Ott Company,1
J. F. White Contracting Company,1
"J.C. Penney Corporation, Inc.",1
"J.F. Shea Co., Inc.",1
"J.F. Shea Construction, Inc.",1
J&E Companies,1
J&J Snack Foods,1
Jabil Circuit,1
Jackson and Tull,1
Jacobs,1
Janus,1
JB University,1
JBT Corporation,1
JDA TSG,1
"Jefferson - Center City, Philadelphia, PA",1
"Jefferson - Montgomery County, PA",1
"JENSEN HUGHES, Inc.",1
Jettison,1
JNE Consulting,1
Jobot,1
Joby Aviation,3
John Henry Foster,1
Johns Manville,1
Johnson & Johnson Family of Companies,1
Johnson Controls,1
Johnson Electric,1
Johnson Matthey,1
Johnstech International,1
JOYN BIO,1
JSR Micro,1
Jump Trading,1
"Junior Achievement of Wisconsin, Inc.",1
Juniper Networks,1
JYG Innovations,1
K-group,1
K&A Engineering Consulting,1
K2 Sports,1
Kairos Power LLC,1
Kaiser Permanente,1
Kalmar USA,1
Kandou Bus,1
Kandou Bus SA,1
"Kapco, Inc.",1
"Karges-Faulconbridge, Inc",1
Kavo Kerr,1
KBMax CPQ,1
KBRWyle,1
KEB America,1
Kellstrom Aerospace,1
"Kellstrom Defense Aerospace, Inc.",2
Kelly Services,1
Kettering Health Network,1
Keurig Dr Pepper Inc.,1
Keysight Technologies,1
Keyssa,1
Keystone Tower Systems,1
KEYW Corporation,1
Keywords Studios,1
KHS USA INC,1
KIC Management Inc,1
Kiewit Corporation,1
"Kimley-Horn and Associates, Inc.",1
Kingfisher Company Inc.,1
Kitty Hawk,2
KLA-Tencor,1
KLA+ Corporation,1
Knight Partners,1
Knowles,1
Koam Engineering Systems,1
KOCH ENGINEERED SOLUTIONS,1
Kodak,1
Kodiak Robotics,1
Komatsu,1
Kontron America Inc Jobs,1
KPFF Consulting Engineers,1
Kraemer Design Services Inc,1
Kranze Technology Solutions,1
Kronos Incorporated,1
Kulicke and Soffa,1
KVH Industries,1
KVK Tech,1
kW Mission Critical Engineering,1
Kymeta,1
L&E TUBING,1
L&T Technology Services Ltd.,1
L3 Technologies,1
L3Harris Technologies,1
La Marche Manufacturing Company,1
Laboratory Testing Inc,1
LaFrance,1
LaFrance Corp,1
Lake Superior Consulting (A Shawcor Company),1
Lake Washington Institute of Technology,1
Lam Research,1
"Landed, Inc",1
LanzaTech,1
Laporte Consultants Corp.,1
Laredo Technical Services Inc.,1
Larson Design Group,1
Lattice Innovation Inc,2
Lattice Semiconductor Corp,1
Lawrence Berkeley National Laboratory,1
Lazarus Naturals,1
LBP Manufacturing,1
LCC,1
LDX Solutions,1
Legacy Health,1
Leggett & Platt,1
Legrand,1
Leidos,1
Lenovo,1
Leonardo DRS,1
"Level Ex, Inc.",1
Lewiz communications,1
"Lexington Medical, Inc.",1
Liberty Personnel Services,1
"LiDestri Foods, Inc.",1
Life Cycle Engineering,1
Life Time,1
Lifecore Biomedical LLC,1
Lightelligence,1
Lightning Motorcycles,1
Linamar Corp,1
LinaTech LLC,1
Lincoln Healthcare,1
Lindblad Expeditions,1
LinQuest Corporation,1
Listen,1
LiveRamp,1
LMI Aerospace,1
Lockheed Martin,3
LOCKHEED MARTIN CORPORATION,3
Loft Orbital Solutions,1
LONG Building Technologies,1
Loon,2
Loram,1
LTK Engineering Services,1
Lucas Milhaupt,1
Lucasfilm,1
Lucid Motors,1
Lumenous Device Technologies,1
Lumentum Operations LLC,1
Luminii,1
Luminii LLC,1
"LUXSHARE-ICT, Inc",1
Luxus,1
Lyft,1
Lyncean Technologies,1
Lyndra Therapeutics,1
M.D. Parkin & Associates,1
M/A Com Technolgy Solutions,1
"M&R Precision Machining, Inc.",1
"Mabbett and Associates, Inc",1
"MacAulay-Brown, Inc. (MacB)",1
Madden Industrial Craftsmen,1
Madison Emergency Physicians,1
Magellan Aerospace,2
MagiQ Technologies,1
Magnetic Technologies Corporation,1
magniX USA Inc,3
Magnum Cementing Services - Magnum Infrastructure,1
Malin Space Science Systems,1
managementsolutions,1
Manpower,1
Manson Construction Co.,1
"Mantle, Inc.",1
Manufacturing Plant,1
Manulife,1
maptalent,1
Marine Systems Corporation,1
Markem-Imaje,1
Marki Microwave Inc,1
Marlo Incorporated,1
Marquette Partners,1
Marquette University,1
"Marriott International, Inc",1
Marvell,1
Mass General Physicians Organization(MGPO),1
Mass. Eye and Ear (MEE),1
Massachusetts Eye and Ear Infirmary,1
Massachusetts General Hospital(MGH),1
MassMutual,1
MasTec Network Solutions,1
MATC Group Inc,1
Matchtech,1
Material Handling System,1
Mathematica Policy Research,1
MathWorks,1
Matrix PDM Engineering,1
Matroid,1
Maxar Technologies,1
MaXentric,1
MaXentric Technologies LLC,1
Maxim Integrated,1
Maximum Manufacturing,1
Mayflower Communications,1
"MC Machinery Systems, Inc.",1
McCain Foods USA Inc.,1
McDanel Advanced Ceramic Technologies,1
McDonald's Corporate,1
McDonald's Corporation,1
McGovern Mcdonald Engineers,1
MCKEAN DEFENSE/CABRILLO TECHNOLOGIES,1
McKinstry,1
McMillen Jacobs Associates,1
MDC Vacuum,1
Mead & Hunt,1
"Mechatronics, Inc.",1
MediaTek,1
Medical College of Wisconsin,1
Medical Technology Associates 2,1
Medline Industries Inc,1
Medtronic,1
Meggitt,1
MEI Technologies,1
Memjet,1
"MEP Associates, LLC",1
MEP Engineering,1
Mercury Systems,1
Mercy Flight Central Inc.,1
Mercy Health,1
Merrick & Company,1
Mesirow Financial,1
Mesirow Financial Administrative Corp,1
Messer Americas,1
Metamaterial Technologies Inc.,1
Metis Technology Solutions Inc,1
"Metron, Inc.",1
Metropolitan State University of Denver,1
Mettler Toledo,1
MGIC,1
"MGS Mfg. Group, Inc",1
"Mi-Jack Products, Inc.",1
Miba,1
Michael Baker International,1
"Micro Systems Engineering, Inc. (MSEI)",1
Microchip Technology,1
Micron,1
Microsoft,1
"Microwave Innovations, Inc.",1
Mid-Continent Engineering,1
Middough,1
Midwestern University,1
Migma Systems,1
Milestone AV Technologies,1
Milgard,1
Milhouse Engineering & Construction,1
Millenia Products Group,1
Millennium Engineering and Integration Company,1
MilliporeSigma,1
Milwaukee Electric Tool Corporation,1
Milwaukee Tool,1
MINDBODY,1
Minnesota Oncology P.A.,1
MIT,1
MIT Lincoln Laboratory,1
Mithras Energy,1
Mitre Corporation,1
Mitsubishi Electric Research Laboratories,1
Mitsubishi Electric Research Labs,1
Mizuho OSI,1
Mobiveil,1
Modern Electron,1
"Modern Technology Solutions, Inc. (MTSI)",1
"Moderna Therapeutics, Inc",1
Mojo Mobility,1
Molex,1
Monarch Tractor,1
Moody's Analytics,1
Moog,1
Moog Inc.,1
Moorhead Machinery and Boiler Company,1
Moraine Valley Community College,1
Morgan Advanced Materials,1
Morgan Stanley,1
Morrison Products Inc.,1
MORSE Corp,1
Morton College,1
MothersonSumi Infotech and Designs Ltd.,1
Motion & Control Enterprises,1
Motiv Power Systems,1
Mott MacDonald,1
Mount Auburn Hospital,1
Mount Hood Community College,1
MRSI Systems,1
"MSA Professional Services, Inc.",1
MTech Mechanical,1
MTS Systems,1
MTSI,1
Multifeeder Technology,1
"MWH Constructors, Inc.",1
My Future Consulting - Staffing,1
Mythri Consulting LLC,1
n&k technology,1
Namdar Realty Group,1
Nameplates for Industry,1
nan,1
Nanobiosym,1
Nanometrics Incorporated,1
Nanoramic Laboratories,1
Natera,1
Natilus,3
National Aerospace Solutions,3
National Air and Space Intelligence Center (NASIC),1
National Precision Bearing,1
National Renewable Energy Laboratory,1
Natural Talent LLC,1
Natus Medical Incorporated,1
NAVIS,1
"Navistar, Inc.",1
Navitus Health Solutions / Lumicera Health Service...,1
Navos,1
NDI Engineering,1
NECI,1
Neenah Foundry Company,1
NeoCoil,1
NetApp,1
"Netpace, Inc.",1
Neumes Consulting,1
NEURALINK,1
NeuroLogica,1
New Ecology,1
"New Ecology, Inc.",1
New England College of Business,1
New Hudson Facades,1
NewAge Clinical,1
NewCareers,1
NewmanSearch,1
Newterra,1
newterra,1
Next Generation Technology Inc.,1
Next Level Professional,1
NFI Industries,1
NHK International Corporation,1
Nidec Motor Corporation,1
Nielsen,1
Nika,1
Nike,1
Nikola,1
Nintex,1
NiSource,1
NJOY,1
NLB Corp,1
NOKIA,1
Nor-Cal Products,1
Norbridge,1
NORC at the University of Chicago,1
Nord Gear Corporation,1
Nordco Equipment Services,1
"Nordex USA, Inc.",1
Nordson,1
Nordson Medical,1
NORR,1
Nortek Air Solutions,1
"North Star Imaging, an ITW Company",1
North Suburban Medical Center,1
Northeastern University,1
Northern Trust Corp.,1
Northrop Grumman,3
Northstar Aerospace,1
NorthStar Medical Technologies,1
Northwest Community Healthcare,1
Northwestern University,1
Notable Labs,1
Notkin Engineers,1
Novartis,1
Novaspect,1
"Novipax, LLC",1
nucurrent,1
"NuVasive, Inc.",1
NV5,1
NVIDIA,1
NXP Semiconductors,1
Oasis Systems LLC,1
"Odyssey Systems Consulting Group, Ltd",1
Off the Grid,1
Off The Grid,1
Ohio Transmission Corporation,1
Oliver Healthcare Packaging,1
Olympus,1
Omnicell,1
Omnify Software,1
Omniome Inc.,1
Omniscience,1
"Omnivision Technologies, Inc",1
ON Semiconductor,1
Onamac Industries,1
"Onamac Industries, Inc.",1
OnScale,2
Onshape Inc,3
Onto Innovation,1
Opal-RT,2
Open Access Technology International (OATI),1
Opener,3
openwater (openwater.cc),1
"Operating Company TOYS FOR BOB, INC.",1
OPEX Corporation,1
Ophir Corporation,1
Ophir Corporaton,1
Opinion Dynamics Corporation,1
Opti Staffing Group,1
Optical Systems,1
Optimal Solutions,1
"Optimar US, Inc.",1
Optimas Solutions,1
Optimize Technologies,1
Optimum Energy,1
Optimum Sorting,1
Optimum Sorting US,1
Options Clearing Corporation,1
Oracle,1
"Orbis, Inc.",1
Orbus Exhibit & Display Group,1
Orbus Inc,1
Oregon Health & Science University,1
Organa Brands,1
Orion Industries,1
Orolia,1
"OSG USA, Inc.",1
OSW Equipment And Repair,1
OURS Technology Inc.,2
Oxford Instruments Plc,1
PACCAR,1
Pace Analytical,1
Pace Industries,1
Pacific Gas And Electric Company,1
Pacific Life,1
Pacific Northwest National Laboratory,1
Pacira Pharmaceuticals,1
PacMoore,1
PAE,1
PAE Consulting Engineers,1
Palo Alto Networks,1
Pampered Chef,1
"PaR Systems, Inc.",1
Paradigm Precision,2
Paragon Engineering Corporation,1
Paragon Space Development Corporation,1
Paramit Corporation,1
"PARC, a Xerox company",1
"Park Computer Systems, Inc.",1
PARKER HANNIFIN CORP,1
Parker Hannifin Corporation,1
Parker Staffing,1
Parsons,1
Partners In Health,1
PassionHR,1
Patrick Engineering Inc,1
PAVIR,1
Paya,1
Paylocity,1
PayPal,1
PBF Energy,1
"PC Krause and Associates, Inc.",2
"PCB Piezotronics, Inc.",2
PCC - Protective Coatings,1
"PCC Structurals, Inc",1
"PCI Strategic Management, LLC",1
"PDF Solutions, Inc",1
PDS IG Equipment,1
"PDS Tech, Inc.",1
"PDSI Technical Services, Inc.",1
PeaceHealth,1
Pen-tech,1
Penn Power,1
Penn Technical Staffing,1
Pensar Development,1
Pentair,1
Penumbra US,1
PEOPLE CORE,1
Peopleware Technologies,1
Performance,1
"Performance Controls, Inc.",1
Perkins+Will,1
Perspecta,1
"PESystems, Inc.",1
Peter Albrecht Company,1
Pfizer,1
PGi,1
PGS Worldwide,1
Phantom AI,1
PHIHONG USA,1
Philips,1
Phillips and Temro Industries,1
Phillips Corporation,1
"Phillips Service Industries, Inc.",1
Phoenix LLC,1
Phoenix Processor LP,1
Physical Sciences Inc.,1
"Physio-Control, Inc.",1
Piasecki Aircraft Corporation,3
PIC Group,1
PIC Group Inc.,1
PickNik,1
"PillPack, LLC",1
Piney Technical Services,1
Planet,1
Plenty,1
Plug Power Inc,1
PlusAI,1
Ply Gem Windows,1
PLZ Aeroscience,1
"PMC Advanced Technology, LLC",1
Pocket Nurse,1
Poclain Hydraulics,1
Pohlad Companies,1
Polaris Industries,1
PolarOnyx,1
Port of Seattle,1
Posting on the behalf of Client Company,1
Postmates,1
Potawatomi Federal Solutions,1
"POWER Engineers, Inc.",1
Power Equipment Co,1
Power Integrations,1
"Power Solutions International, Inc.",1
"PPM Technologies Holdings, LLC.",1
Prairie State College,1
Pratt & Whitney,3
Praxair,1
Precision Castparts Corp.,1
Precision Health Economics,1
Precor,1
Presbyterian/St. Luke's Medical Center,1
Prevailance Inc,1
Prime UV Systems,1
Primera,1
Primus Metals Inc,2
Principia Engineering,1
"Principle Power, Inc.",1
Prion Manufacturing,1
ProbablyMonsters,1
Procter and Gamble,1
Production Systems,1
"Progress Rail, a Caterpillar Company",1
Progressive Machine & Design,1
Promaxo,1
Promega Corporation,1
ProPlus Design Solutions,1
Providence Health & Services,1
PS&S,1
pSemi,1
PTS Advance,1
PTS Diagnostics,1
"PulseR, Ruggedized Solutions",1
Purdue University,1
"Purestar Linen, LLC",1
Pyrotek Inc,1
QBP,1
QCraft,1
Qorvo,1
Qualcomm,1
QualiTest,1
Quality Bicycle Products Inc.,1
Qualys,1
"Quanta Computer USA, Inc.",1
"Quanta U.S., Inc.",1
Quantech Services,1
Quantum Leap Healthcare,1
Quartus Engineering,2
"Quik Pak, a Division of Promex Industries Inc",1
QVC,1
R.W. Lyall & Co. Inc,1
R&P Technologies,1
Racine Metal Fab,1
Radian Group Inc.,1
Radiance Technologies Inc.,1
Radiant Vision Systems,1
Radio Flyer Inc.,1
Radius Aerospace,1
"Radius Aerospace, Inc",1
Radius Design,1
Radwell,1
Radyne Corporation,1
Rainier Industries,1
Rakuten Americas,1
RAM Mounts,1
Ram Precision Industries,1
Rand McNally,1
Rand SIM,1
RANDO MACHINE CORPORATION,1
Randstad Engineering,1
Raytheon,2
RBC Turbine Components LLC,1
RCS Corporation,1
RE Tech Advisors,1
Red Nucleus,1
Regal Beloit,1
Regional Medical Center of San Jose,1
Regions Hospital,1
Regis University,1
Related Companies,1
Relativity,1
Relayr,1
"ReliaQuest, LLC.",1
Remedy Intelligent Staffing,1
Renewable Energy Group Inc,1
Renewal by Andersen Corp.,1
Replica,1
Residential & Renovation,1
"Resonetics, LLC",1
Rexnord,1
RF-Lambda,1
RFA Engineering,1
Ricardo,1
"Ricardo, Inc.",1
Richardson Electronics Ltd,1
Ricoh,1
"Ricondo & Associates, Inc.",1
Right Paradigm Consulting,1
"Rimkus Consulting Group, Inc.",1
Rincon Research Corporation,1
RingCentral,1
Risk Management Solutions,1
Risk Management Solutions (RMS),1
Riverside Insights,1
Riverside Research,1
RLE International,1
"RMF Engineering, Inc.",1
RMS Company,1
roadstar,1
Roam Robotics,1
Roche,1
Rochester Institute of Technology,1
Rochester Precision Optics,1
Rock West Composites,1
Rockwell Automation,1
Rocky Mountain Scientific Lab,1
"RODO Medical, Inc.",1
Roeslein & Associates,1
"Rogers Machinery Company, Inc.",1
Rohrer Corporation,1
Rolls-Royce,2
"Romac Industries, Inc.",1
"Rorze Automation, Inc.",1
Rotork,1
Rowan College at Burlington County,1
Rowan University,1
Royell manufacturing,1
RUAG,1
"Ruchman and Associates, INC",1
Rush University Medical Center,1
Russelectric,1
"Russell Sigler, Inc.",1
Rust-Oleum,1
Rutgers University,1
RYCO,1
Ryder,1
S & C Electric Company,1
"S.R. Smith, LLC",1
S&S Cycle Inc.,1
"SA Photonics, Inc.",1
Sackett Systems,1
Sacré-Davey Engineering Inc.,1
Safe Fleet,1
Safran,2
Sagemax Bioceramics Inc.,1
SAIC,1
SAIC Innovation Center,1
Saint Joseph Hospital,1
Salas O'Brien,1
"Salus Discovery, LLC",1
Sam Schwartz Engineerin,1
Samaritan Health Services,1
Sammy's Deli,1
Samsara,1
Samsung Electronics,1
"Samsung Semiconductor, Inc.",1
"Samtec, Inc",1
San Diego Composites (SDC),1
Sandstone Diagnostics,1
Sanofi,1
Santa Clara Valley Transportation Authority,1
SAP,1
Sargent & Lundy,1
Sartorius North America,1
Satellite Services Inc.,1
Saudi Aramco,1
Sayres & Associates,1
ScaleFlux,1
SCB,1
SCCA Proton Therapy Center,1
Schneider Electric,1
Schold Manufacturing,1
Schreiber Foods,1
Schwing Bioset,1
Scientific Games,1
SCOTTY,1
SDSU Research Foundation,1
Seagate Technology,1
SEAKR Engineering,1
Seattle Cancer Care Alliance,1
"Seattle Genetics, Inc.",1
Seattle Safety,1
Security Risk Advisors,1
Sedona Staffing,1
Seegrid,1
"SEKISUI Aerospace, Inc.",1
Semsysco Gmbh,1
Semtech,1
Senior Aerospace Ketema/Jet Products,1
Sensata Technologies,1
"Sentons, Inc",1
Sephora,1
Serac,1
Serco Inc.,1
Setpoint Systems Corporation,1
SETTY,1
"Seymour Staffing Professionals, Inc.",1
Shadybrook Lumber Products,1
ShaleApps,1
SharkNinja,1
SharkNinja Operating,1
Shell,1
Sherpa Design,1
SHIELD AI,1
Shields Health Care Group,1
Shimmick Construction,1
SHINE Medical Technologies,1
Shipt,1
Shure Incorporated,1
Shutterfly,1
"SICK, Inc.",1
Siemens,3
Sierra Nevada Corporation,1
Sig Sauer,1
Sigma Design,1
Sigmaways,1
Sila,1
Silfex,1
Silicon Motion,1
Silk Road Medical,1
"Silotech Group, Inc",1
Simio LLC,1
SimpliSafe,1
Simpson Gumpertz & Heger,1
Simu Tech Group,1
Singularis Solutions,1
SiTime,1
SiTime Corporation,1
Sivaltech,1
SK Hynix Memory Solutions America Inc.,1
Skanska,1
"SKF Motion Technologies, Inc.",1
"SKIDMORE, OWINGS & MERRILL LLP",1
"Skidmore, Owings & Merrill LLP (SOM)",1
Skills Inc.,2
Skookum Aerospace Manufacturing,1
Skycart Inc.,2
Skymind,1
Skyray Instrument Inc,1
"SkyWater Technology Foundry, Inc.",1
Skyworks,1
SLAC National Accelerator Laboratory,1
SLANG Worldwide,1
SMART Modular Technologies,1
SmartWatt,1
Smith Seckman Reid,1
SmithGroup,1
SMMA,1
SMS group Inc,1
Snap-on,1
Social Science Research Solutions (SSRS),1
"Sofbang, LLC",1
SoftBank Robotics,1
SoftInWay Inc.,3
Software Motor Company,1
Solchroma Technologies,1
Solenis,1
SolidEnergy Systems,1
Solidus Technical Solutions,1
SOLUTE,1
"Sonendo, Inc.",1
"Sonos, Inc",1
Sony Electronics Inc,1
Sony Interactive Entertainment PlayStation,1
Source Technology,1
"South 8 Technologies, Inc.",1
South Shore Health,1
Southland Industries Inc.,1
"SP Industries, Inc.",1
Space Micro,1
Spaceflight Industries,1
SpaceX,3
Spark Therapeutics,1
Special Aerospace Services,2
Specialty Food Process Technologies,1
Speck Products,1
Spectral Sciences,1
"Spectral Sciences, Inc.",1
Spin,1
Splunk,1
Springs Window Fashions,1
SPX,1
SPX Flow,1
Square,1
SRAM Corporation,1
"SRC, Inc.",1
"SSC Space US, Inc.",1
SSI,1
SSL (Space Systems Loral),1
SSM Health St. Mary's Care Center,1
SSM Health St. Mary's Hospital - Madison,1
SSOE,1
St Elizabeth Medical Center,1
St. Elizabeth's Medical Center,1
Stafkings Personnel Systems,1
"Stainless Foundry & Engineering, Inc.",1
Standard Insurance Company,1
Stanford Health Care,1
Stanford University,1
Stanley Black & Decker,1
"Stanley Consultants, Inc.",1
Stantec,1
Starbucks,1
Starkey Hearing Technologies,1
State Garden Inc.,1
State of Minnesota,1
State of Ohio Jobs,1
State Street,1
Stealth Aerospace Non-profit,1
Stealth Mode Startup Company,1
Stealth Space Company,1
"Steeler, Inc.",1
Steelwind Industries,1
Stellartech Research Corporation,1
"Steven Engineering, Inc - hr@steveneng.com",1
Stevens Aerospace,1
Stifel,1
Stolle Machinery,1
"Stratasys, Inc.",2
Strategic Operations Inc,1
"Stratom, Inc.",1
Strattec,1
Strattec Security Corp.,1
Stryker,1
STV,1
"Sub-Zero Group, Inc.",1
Sub-Zero Wolf,1
Subaru of America,1
SUEZ,1
Sumaria Systems Inc.,1
Summit Academy OIC,1
Sun Life Financial,1
Sunbelt Controls,1
Sunfolding,1
Sunpower,1
SunSource,1
"Super Micro Computer, Inc.",1
Superior Controls,1
Superpedestrian,1
Supplier Management Solutions LLC,1
"Supplier Management Solutions, LLC",1
Supracor,1
SureSite Consulting Group LLC,1
Surface Optics Corporation,1
SURVICE Engineering Company,1
Susquehanna International Group,1
Sutter Health,1
Swagelok Alaska | Northwest (US),1
"Swanson Rink, Inc.",1
Swedish Medical Center,1
"Swedish Medical Center - Seattle, WA",1
Synapse Product Development Inc.,1
Synaptics,1
Syncroness,1
SynEnergy,1
Synerfac,1
Syngenta,1
Synopsys,1
Syska Hennessy Group,1
System Design Consultants Inc.,1
System One,1
Systemart LLC,1
Systems & Technology Research,1
Systems Analytics,1
"SYSTEMS, LLC",1
"Systems, LLC",1
Systima Technologies,1
T&M Associates,1
Tachyum,1
Takeda Pharmaceuticals,1
Talas Engineering,1
talentarchitect.com,1
Talgo Inc,1
Tango Systems,1
Tanisha Systems,1
TARGET,1
Target,1
"TDI Technologies, Inc.",1
TDIndustries,1
TDIndustries Inc,1
TE Connectivity,1
Tech-X,3
"TechData Service Company, LLC",1
"Technical Machinery Solutions, Inc. - Graphic Inno...",1
Techniecode,1
TechnipFMC,1
"TechniPower, Inc.",1
Technology Unlimited Group,1
TECT Aerospace,1
Tekruiting,1
Tektronix,1
"TEL FSI, Inc.",1
Teledyne LeCroy PSG,1
Teledyne Princeton Instruments,1
Teledyne Scientific & Imaging,1
"Telestream, LLC",1
Tempel,1
Temple University Health System,1
Tempo Automation,1
Tenergy,1
Tenneco Inc.,1
Teoresi Inc,1
Teradyne,1
Terex,1
Terex Corporation,1
TERRA Staffing Group,1
"Tesco Controls, Inc.",1
Tesla,2
TESSEC Manufacturing Services,1
"Tethers Unlimited, Inc.",2
Teton Simulation,2
Tetra Tech,1
Tetra Tech Inc.,1
Texas Instruments,1
Textron Systems,3
TGS Management Corporation,1
The American College of Chest Physicians,1
The Aviation Recruitment & Consulting Group,1
The Clorox Company,1
The Fulham Group,1
The GBS Group,1
The Global Edge Consultants,1
The Green Solution,1
The Hillman Group,1
The Lane Construction Corporation,1
The Lighthouse for the Blind,1
"The Lisbon Group, LLC",1
The Marketing Store,1
The Mice Groups,1
The RMR Group,1
The Roberts Group,1
The Staffing Solutions Group,1
The Standard,1
The Standard Insurance Company,1
The Talent state,1
The Timken Company,1
The Toro Company,1
The University of Chicago,1
The Veritas Healthcare Solutions LLC,1
The Walman Optical Company,1
Theoris Services,1
Therma,1
Thermal Care,1
Thermal Product Solutions,1
"Thermal Spray Technologies, Inc",1
Thermo Fisher Scientific,1
Think Surgical,1
Thornton Tomasetti.,1
Thrive Bioscience,1
thyssenkrupp Aerospace,1
Timesavers,1
"Tipping Point Solutions, Inc.",1
TissueVision,1
TitaniumCRE Consultants,1
tk1sc,1
TLG Aerospace,3
TM Engineering,1
TMP WORLDWIDE,1
TMS & Co.,1
Toast,1
"Tolomatic, Inc.",1
Tompkins Bank of Castile,1
TOMRA,1
TOMRA Sorting Solutions,1
Tonal,1
Tool Inc.,1
TopGolf,1
Toray Advanced Composites,1
Tortuga Logic,1
"Tosoh Quartz, Inc.",1
Tour Engine,2
Toyota Research Institute,1
Trackonomy,1
Transystems,1
TRC,1
TRC Companies Inc,1
Treau,1
Trek Bicycle,1
"Trelleborg Sealing Solutions U.S., Inc.",1
"TrellisWare Technologies, Inc",1
"Tremor Technologies, Inc.",1
"Trex Company, Inc.",1
Trex Enterprises Corporation,1
TricorBraun,1
Trident Seafoods,1
TriFab,1
Trimble,1
Trimble Inc.,1
Tripp Lite,1
Triton College,1
"Triton Systems, Inc.",1
"Triumph Group, Inc.",1
"TriVector Services, Inc.",2
troemner,1
Truckstop.com,1
TTM Technologies - North America,1
Tucana Engineering,1
Tufts Medical Center,1
TupleSignals,1
TÜV Rheinland Group,1
TVS,1
Twin Disc Incorporated,1
Typhoon HIL,1
U.S. Navy,1
"U.S. Pipe, A Forterra Company",1
"U.S. Xpress Enterprises, Inc.",1
Uber,1
UChicago Medicine,1
udelv,1
UES,2
"UES, Inc.",2
"UGN, Inc.",1
"UGSI Solutions, Inc.",1
Ultra Clean Technology,1
Ultra Electronics Herley,1
UMC,1
umlaut North America,1
Unico Technologies Group,1
Unigen,1
Unimacts,1
"Uniquify, Inc",1
Unisys,1
United Airlines Inc.,1
"United Electronic Industries, Inc.",1
United Launch Alliance,3
UNITED STATES ARMY / ARMY RESERVE,1
United States Cold Storage,1
United States University,1
Unitek Technical Services,1
Unitus Community Credit Union,1
Univar Solutions,1
Universal Electronics,1
University Corporation for Atmospheric Research,1
University of California Berkeley,1
University of California San Francisco,1
University of California San Francisco Medical Cen...,1
University of Colorado,1
University of Colorado Boulder,1
University of Dayton,1
University of Illinois,1
University of Illinois at Chicago,1
University of Minnesota,1
University of Pennsylvania,1
University of Pennsylvania Health System,1
University of Portland,1
University of Puget Sound,1
University of San Diego,1
University of the Pacific,1
University of Washington,1
University of Wisconsin–Madison,1
UPL North America Group Companies,1
Urban Engineers,1
UROPARTNERS,1
US Department of Commerce,1
US Department of Defense,1
US Department of the Air Force,1
US Department of the Interior,1
US Department of the Navy,1
US Department of Veterans Affairs,1
US Foods,1
US Other Agencies and Independent Organizations,1
USfalcon,1
USSC Acquisition Corp,1
UST Global,1
UTC Aerospace Systemsfq,1
"UVFAB Systems, Inc.",1
UW CREST,1
UW Health,1
va-q-tec,1
Valdes Engineering Company,1
Valen Analytics,1
VanderHouwen,1
Vanguard,1
Vantage,1
Vapor Systems Technologies,1
Varian Medical Systems,1
Varstaff,1
Vartan Aviation Group,1
VAUPELL INDUSTRIAL,1
"vCom Solutions, Inc.",1
Vecarius,1
Vecna Robotics,1
Vector Atomic,1
Veeco,1
Velo3D,1
Velocity Consulting Solutions,2
Velodyne,1
Veo Robotics,1
Veolia US,1
Verathon,1
Verb Surgical,1
Verkada,1
VERSA Engineering & Technology,1
Versum Materials,1
Vertex Aerospace LLC,1
Vertilite,1
Vertiv Co.,1
Vestas,1
Viant Medical,1
VIATechnik,1
Vicarious,1
Vicarious Surgical,1
Vicor Corporation,1
"View, Inc.",1
"ViewRay, Inc.",1
Villanova University,1
Vireo Health Inc.,1
Virtex Enterprises,1
Virtudent,1
"VisionWorks Engineering, LLC",1
Visteon Corporation,1
Vita Inclinata Technologies,1
Vitac,1
Vizyontech Imaging,1
"VM Services, Inc. (member of the Venture Group of...",1
VMware,1
voestalpine Nortrak Inc.,1
Volkswagen Group of America,1
Volt Workforce Solutions,1
Voltaiq,1
Volvo Group,1
VulcanForms,1
Wacker Chemical Corporation,1
Wacker Neuson Group,1
"WaferTech, LLC",1
Wagner International AG,1
Waltham Armed Forces Career Center - Army,1
Warn Industries,1
Watts Water Technologies,1
Wave Life Sciences,1
Wayfair,1
Waymo,1
Waystar,1
"WCW Engineers, Inc.",1
WEG Electric Corp,1
Welch Allyn,1
WellNow Urgent Care,1
Wells Fargo,1
Wells Fargo Bank,1
Wenck Associates,1
Western Digital,1
Western Pneumatic Tube Company,1
Whirlpool Corporation,1
Whitehall Human Resources,1
Whitridge Associates,1
Wi Labs Inc.,1
"Wichita Tribal Enterprise, LLC",1
Widener University,1
Wild Earth,1
Willdan,1
"Williams-Sonoma, Inc.",1
Willis Towers Watson,1
Winchester Interconnect,1
Wind River,1
Wing,2
"Winslow Automation, Inc.",1
Wish,1
Wisk Aero,3
"Wiss, Janney, Elstner Associates",1
WiTricity,1
Wood,1
Woolpert,1
Worley,1
WRG Fire Training Simulation Systems Inc.,1
Wright State University,1
WSP USA,1
WWT,1
X-Scan Imaging Corporation,1
Xcel Energy,1
XCOM Labs,1
xentity corporation,1
Xerox Corporation,1
Xilinx,1
ximedica llc,1
XMotors.ai,2
Xpect Service Inc.,1
XSITE LLC,1
Xwing,1
Xylem,1
"Xyntek, Inc",1
YAKIMA PRODUCTS INC,1
"Yamaichi Electronics USA, Inc.",1
YASKAWA,1
Yaskawa America Inc.,1
"Yaskawa America, Inc.",1
Young Stealth Company,1
Zachry Group,1
Zacuto LLC,1
Zayo Group,1
zealogics,1
ZEISS Group,1
Zemax,1
Zero Motorcycles,1
Zimmer Biomet,1
Zing Professional Recruiting,1
Zing Professional Recruiting - a Peoplelink Group Company,1
ZLLIUS,1
Zoll Circulation,1
"Zoomlion Heavy Industry NA, Inc.",1
Zosano Pharma,1
Zulily,1
Zymergen,1
聯發科技,1
