Company,Count - Company,Rating
10x Genomics,1,1
1st St. NW Technical Staffing,2,1
3D Systems,4,2
3M,14,2
4C Air,3,2
A. Epstein and Sons,1,1
A&W Engineering Works,2,1
A100 US LLC,2,1
"A2Z Development Center, Inc.",19,1
A3 Acoustics,1,1
A³ by Airbus,15,2
AAK AB,1,1
AAK USA Richmond Corp,1,1
ABB,7,1
Abbott Laboratories,5,
Abington Hospital - Jefferson Health,1,
Above & Beyond Nannies,2,
Absolute Haitian Corporation,1,
Accenture,4,
ACCIONA's Services Energy,1,
ACCO Engineered Systems,1,
Accudyne Industries,2,
AccuTube,1,
Acero Precision,1,
Achronix,6,
ACS Design & Construction,1,
Activ8 Recruitment & Solutions,1,
Active,1,
Acuitus,2,
Acuity Brands,1,
ADS CFD,1,
"Adsync Technologies, Inc.",1,
Adtalem Global Education,1,
"Advanced Micro Devices, Inc.",5,
"Advanced Personnel Profiles, Inc.",1,
AdvanSix INC,1,
Advantage Resourcing,1,
Advantest,4,
Advocate Health Care,2,
Advocate Lutheran General Hospital,1,
Aechelon Technology Inc.,1,
AECOM,8,
Aerojet Rocketdyne,6,
Aeroseal,2,
AeroTEC Inc,12,
"AEye, Inc",1,
"Affiliated Engineers, Inc.",7,
AFL Telecommunications LLC,1,
"Agilis Engineering, Inc.",4,
Agusta Westland,3,
Air Methods,3,
Air Products,1,
Air Systems,1,
Airbnb,2,
Airbus UTM,1,
AIS Inc,1,
AK Steel,1,
AKF GROUP LLC,3,
"AKM Semiconductor, Inc",1,
Akoustis Technologies Inc.,2,
Albertsons Companies,4,
"Algo-Logic Systems, Inc.",2,
Alibaba,2,
Align Technology,1,
Alion Energy,3,
ALION SCIENCE & TECHNOLOGY,3,
Alion Science and Technology,9,
AliveCor,2,
Allegiance Consulting,1,
Allen Institute,1,
Allied Telesis,1,
Allston Trading,1,
Alpha & Omega Semiconductor,2,
ALSTOM,1,
Alt Shift USA,1,
Altair,2,
Altamira,3,
"Alternative Design Concepts, LLC",2,
Altex Technologies,1,
Altra Industrial Motion Corp.,1,
Altran,1,
"Amazing Pictures/Colorvision International, Inc.",2,
Amazon Services LLC,3,
"Amazon Web Services, Inc.",4,
"Amazon.com Services, Inc.",53,
Amber Kinetics,5,
Ambrell Corporation,1,
Ameresco,1,
American Academy of Orthopaedic Surgeons,1,
"American Mechanical, Inc.",2,
AMERICAN SYSTEMS,1,
American Transmission,2,
American Transmission Co.,1,
Americhem,1,
"AMETEK, Inc.",1,
Amgen,1,
Amita Health,2,
Ampco Pumps Co Inc,1,
Analog Bits,3,
Analog Devices,8,
"Analytical Mechanics Associates, Inc.",6,
"Analytical Services & Materials, Inc.",2,
Andersen Corporation,2,
Andromeda Systems Incorporated,5,
"Anguil Environmental Systems, Inc.",1,
Ann & Robert H. Lurie Children’s Hospital of Chica...,1,
Anoka-Ramsey Community College,1,
Anritsu Company,1,
Answer Engineering,3,
ANSYS,8,
"AOSense, Inc.",4,
APD Engineering and Architecture,1,
Aperia Technologies,4,
Apex Race Parts,2,
Apparent,2,
Apple,317,
"Applied Engineering, Inc",2,
Applied Intuition,5,
Applied Materials Inc.,11,
"Applied Mechanical Systems, Inc.",2,
Aptima,1,
Architecture Technology Corporation (ATCorp),4,
Arconic,2,
Arevo Inc.,2,
Argo AI,7,
Argonne National Laboratory,6,
ARiA,1,
"Arista Networks, Inc.",5,
Army & Army Reserves,1,
Army Mid-Atlantic Recruiting Battalion,1,
Army National Guard,1,
Arup,8,
Asamicro,1,
"Ascend Analytics, LLC",1,
Ascension Living,1,
"Ascension Wisconsin, WI",1,
"Ascent Aerospace,LLC",3,
ASML,15,
ASRC Federal Holding Company,6,
Associated Engineering Consultants,1,
Association of Universities for Research in Astron...,1,
ASSURANCE,2,
Astranis,4,
Astreya,4,
Astronics,5,
Asylon,2,
AT&T,2,
ATAC,2,
Athos,6,
Atonarp,1,
"ATS Institute, Chicago",1,
Audentes Therapeutics,1,
"Augustine Consulting, Inc.",1,
"Auris Health, Inc.",12,
Auro Robotics,1,
Aurora,8,
Aurora Flight Sciences,2,
Aurora Tech,10,
AUSGAR Technologies,1,
"Auto-Valve, Inc.",1,
"Avails Medical, Inc.",1,
Avani Technology Solutions Inc,4,
Aviation Unmanned,1,
Ayar Labs,7,
Ayoob & Peery,1,
Azimuth Corporation,5,
Azusa Pacific University,1,
B3H Corporation,1,
Badger Meter,1,
BAE Systems,7,
Baidu USA,4,
Balfour Beatty,1,
Ball Aerospace,39,
Ball Corporation,2,
Bancroft Architects + Engineers,1,
Bank of America,1,
Banner Engineering Corporation,4,
Barber-Nichols Inc,5,
Barnett Engineering & Signaling Laboratories (BESL...,1,
Barr Engineering,3,
Barry Callebaut,1,
Barry Wehmiller Companies Inc,1,
Baumann Consulting,1,
Bay Associates Wire Technologies,1,
BAYADA Home Health Care,1,
BD,3,
Beckman Coulter - Life Sciences Danaher,2,
Belcan,6,
Bell Laboratories,1,
Benedictine University,1,
Bergmann,1,
Bergmann Associates,2,
Best Maid Cookie,1,
Beyond Meat,1,
"BG Buildingworks, Inc.",1,
BHI Energy,2,
Biamp Systems,1,
Big Ladder Software,2,
Bigstream Solutions,1,
Bilfinger Industrial Services Inc.,1,
Bimbo Bakeries USA,1,
Bio-Rad,6,
"Biocept, Inc.",1,
BioCut Systems,1,
BioMarin,1,
BioMart Inc,1,
Biomerics,2,
Black & Veatch,1,
Blue & Gold Fleet,1,
Blue Canyon Technologies,7,
Blue Current,1,
Blue Moon Digital,1,
Blue Origin,135,
Blue Owl,1,
BLUSA Defense Manufacturing,1,
"BNP Associates, Inc",1,
BOEING,7,
Boom Supersonic,9,
Booz Allen Hamilton,14,
Bosch Group,1,
Bossanova Robotics,4,
Boston Dynamics,3,
Boston Scientific Corporation,4,
Boys’ Latin of Philadelphia,1,
BP,1,
Brady Corporation,1,
Braxton Science & Technology Group,1,
"BREE & Associates, Inc",1,
Breker Verification Systems,1,
Briggs and Stratton,2,
"Brilligent Solutions, Inc.",2,
Brindley Engineering,2,
Broadcom,2,
Broetje Automation,1,
BRP,4,
BRS,1,
Bruker,1,
Brunswick Corporation,1,
Brunton Architects & Engineers,1,
BTAS,1,
BTL Technologies Inc.,1,
BTS,4,
Buckingham,1,
Building Systems Holdings,2,
Built Robotics,1,
Bureau Veritas,1,
Burns & McDonnell,3,
BuroHappold Engineering,1,
Butterfly Network,3,
Byton,3,
C-Axis Inc,2,
"C-Axis, Inc.",2,
"C&E Services, Inc.",1,
C&H Enterprises,1,
"C&H Sugar Company, Inc.",1,
CAC Staffing,1,
CACI,1,
Cadence Design Systems,2,
Cal Engineering Solutions Inc.,1,
California State University,8,
Calix,1,
Calvary Robotics,5,
Cameron Craig Group,2,
"Campfire, LLC",1,
Can-Am Consultants,2,
Canadian Solar,1,
Cannon Design,1,
Canopy Growth Corporation,1,
Canopy Health,1,
Cantel Medical Corporation,2,
Capella Space,1,
"Capsim Management Simulations, Inc",2,
Carbon3D,1,
"Cardinal Intellectual Property, Inc",1,
"Cardiovascular Systems, Inc.",4,
Career Finders,1,
careers search,1,
Cargill,1,
"Carl Zeiss Meditec, Inc",1,
"Carollo Engineers, Inc.",1,
Carrier,4,
Casa Central Social Services,1,
CAYLEY AEROSPACE,4,
CBRE,3,
Cedar Electronics,1,
CENSEO AV Acoustics,1,
Centauri,1,
CENTRA Technology,5,
Central State University,1,
Cerium systems,2,
Certara,3,
CGN Global,1,
Chamberlain College of Nursing,1,
Chandler Industries,2,
"ChangeUp, Inc.",1,
ChargePoint,2,
Checkpoint Systems,2,
Chester Upland School District,8,
Chestnut Engineering,1,
Chicago Public Schools,1,
Children's Hospital & Research Center Oakland,1,
Children's Hospital Colorado,1,
Children's Minnesota,2,
"Chroma ATE, Inc.",2,
Chromalloy,1,
Cisco Careers,3,
CITADEL ENTERPRISE EUROPE LIMITED,1,
Citi,2,
Citrine,4,
City & County of San Francisco,1,
City Colleges of Chicago,1,
"City of Oakland, CA",1,
City of Palo Alto,2,
City of San Diego,2,
City of St. Paul,10,
City Semiconductor,1,
Clarios,1,
Clark Richardson & Biskup,1,
"Clark, Richardson & Biskup Consulting Engineers, I...",1,
"Clark, Richardson and Biskup Consulting Engineers,...",1,
Cleanpart,2,
Clearcover,1,
CLM,1,
Clopay Building Products,2,
cloudclade,3,
Clutch,1,
CNC Solutions,4,
"CNG Engineering, PLLC.",3,
CNH Industrial,3,
Cobec Consulting,1,
Cobham,1,
"COFAN, KOMOT USA, INC.",1,
Coffman Engineers,1,
Cognitive Medical Systems,1,
Cognizant Technology Solutions,1,
"Coherent, Inc.",2,
"Cohu, Inc.",4,
College of Marin,1,
Collins Aerospace,12,
Colorado Christian University,2,
Colorado School of Mines,2,
COLSA,2,
"Columbus Technologies and Services, Inc.",1,
COMET Group,3,
Commercial Construction North America,1,
Companion Medical Inc.,1,
"Compass Airlines, LLC.",2,
Complete Genomics,2,
Compliance Team,3,
Composite Advantage,1,
Comtech Xicom Technology,1,
"Concordia University, St. Paul",1,
Concurrency,1,
CONMED,1,
Consolidated Precision Products,2,
CONTEX Engineering International,2,
"Continental Tide Defense Systems, Inc.",1,
"CONTROL CONCEPTS, INC.",2,
Controls Corporation of America,1,
"Convergence Controls & Engineering, LLC",2,
Convergent Science,1,
Cora Aero,8,
Cordoba Corporation,1,
CORE,1,
"Cornerstone Research Group, Inc.",1,
Cornerstone Signals & Cyber Technologies (Cornerst...,1,
"Corporate - Herker Industries, Inc. (Divisions: Mu...",1,
Courtyard by Marriott Chicago Deerfield,1,
COWI,1,
Coyote Logistics,2,
Crane Co.,1,
creamitinc,1,
Creator,1,
Creator Inc,2,
Credence LLC,2,
Cresttek LLC,3,
CRL Technologies,1,
Crozer Keystone Health System,1,
Cruise,2,
"Cryptic Studios, Inc.",2,
Crystal Dynamics,2,
CSEngineering,1,
Cubic Corporation,1,
Culligan,1,
Curtiss-Wright Corporation,1,
Cutera,2,
Cybertrol Engineering,1,
Cypress Semiconductor,2,
"Cytel, Inc (USA)",1,
D&Z Federal Division,1,
Daikin Applied,14,
Dalsin Industries,1,
DATACLOUD,1,
DAVENERGY SOLUTIONS,1,
dbHMS,1,
DCS Corp,6,
DealerSocket,1,
Decentrix,1,
Deeplocal Inc.,2,
DeepMotion,3,
Defense Engineering Corporation,1,
Deliverr Inc,1,
Deloitte,7,
Delta Digital Video,1,
"Delta Star, Inc.",2,
Delta Thermo Energy,1,
Dematic,1,
Dennis Group,3,
Denver Public Schools,1,
Designing Digitally,2,
"Designing Digitally, Inc.",1,
DeSimone,1,
DESTACO,2,
Device Search Group,1,
Dexcom,4,
DGI Supply DoALL - MAIN ACCOUNT,2,
"DGI Supply, A DoALL Company",1,
Dialog Semiconductor,2,
Diamond Foundry,2,
"DiCon Fiberoptics, Inc.",3,
DiDi Labs,4,
Digicomm International,1,
"Digicomm International, Inc.",1,
Digital Techniques,1,
Dignity Health - Saint Marys Medical Center,1,
Dimitri J. Ververelli,1,
dinaliC,3,
Discovery Natural Resources LLC,1,
DKS Associates,2,
DLR Group,1,
DNV GL,2,
DocuSign,1,
Dominion Voting Systems,1,
Dorman Products,1,
Doug Speedling Builders Inc.,2,
Downer Group,2,
DP Technology Corp,1,
DPSS Lasers,1,
Drexel University,1,
Dry Development,1,
"DUFF AND PHELPS, LLC",1,
DunAn Sensing,2,
Dunham Associates,2,
DuPont,3,
Dye Precision CNC,1,
Dynetics,2,
Dynomax Inc.,2,
Dynomax Incorporated,2,
"E2 Consulting Engineers, Inc.",1,
Eagle Seven,1,
Eargo,3,
Eastman Kodak,3,
Eateam,1,
Eaton,16,
EBMUD,2,
EBots,3,
Ecolab,2,
Ecotope,4,
ED Wallach Search Group,1,
EDF Renewables,1,
Edgewood College,1,
Edison Energy,4,
Educated Solutions Corp,1,
Education Affiliates Inc.,1,
EE Recruiters,4,
Elara Engineering,1,
Electric Power Research Institute,5,
"Electronic Mechanical Industries, Inc.",1,
Element Materials Technology,1,
Elevation Proving Grounds,1,
Elliott Tool Technologies,2,
Elroy Air,11,
Emcor,1,
Emerald Performance Materials,1,
Emerson,3,
Employbridge Search Group,1,
Enercon Industries Corporation,1,
"Enercon Services, Inc.",3,
"Energy Resources Integration, LLC",1,
Energy Services Group International,1,
Energy Solutions,1,
Enginetics,1,
Entegris,2,
Environmental & Construction Solutions,1,
Envista Forensics,1,
Epic Care,1,
Epic Careers,1,
EPLAN,1,
Epsilon Systems Inc,1,
Epstein Global,1,
Erdman Anthony,1,
ERM Group,2,
Erni Electronics Inc,1,
ERNIESYS,1,
ESG Automotive Inc.,2,
ESI Engineering,4,
"Essai, Inc.",11,
ESSMetron,1,
ETA Consulting,1,
EtaGen,5,
ETC,1,
Etegent,1,
Eurofins Lancaster Laboratories Professional Scien...,2,
Evans and James,1,
EVCO PLASTICS,1,
Evertz,1,
Evertz Microsystems Limited,1,
Evoqua Water Technologies,1,
EwingCole,2,
Exact Sciences,2,
Exact Sciences Corporation,1,
Excel Engineering Inc,1,
Excelitas Technologies,1,
ExoTerra Resource,1,
Exotic Metals,2,
exp,4,
Expect Engineering Solutions,1,
Expleo Canada,1,
ExpoExperts/ Hosting Multiple San Diego Companies,4,
Exponent,14,
Extreme Engineering Solutions,2,
EyeQue Corporation,1,
"F.tech R&D North America, Inc.",2,
"f'real foods, LLC.",1,
Fabrinet West,3,
Facebook,85,
FactoryFix,7,
FaegreBD,2,
Fast Radius,4,
Feasible,1,
Federal Package Network,2,
Ferguson,3,
Ferrara Candy Company,1,
Fetch Robotics,3,
Fictiv,1,
Firefly Dimension,4,
First Mode,3,
Fitbit,1,
Fives,1,
FLC Technology Group,1,
Flex,2,
Flexential,1,
Flexiv,4,
FLINT HILLS RESOURCES,1,
Fluke,1,
Fluor Corporation,1,
FlyOver America,2,
Focal Point Lights,1,
"Focal Point, LLC",1,
Foley Company,1,
Ford Motor Company,19,
"FormFactor, Inc.",1,
Formost Fuji Corporation,1,
Fortis College,1,
Foveon,1,
"FOX FACTORY, INC.",2,
Foxconn,2,
Foxconn Interconnect Technology,2,
Foxconn Technology Group,4,
Frederick National Laboratory,1,
Fresh Consulting,11,
Freudenberg Medical,1,
Frontier Technology Inc.,1,
Frontier Water Systems,1,
Futran Solutions,1,
"Future Technologies, Inc.",1,
Futures Consulting,2,
Fuyao Glass America Inc,1,
G&W Electric Company,1,
"G2 Integrated Solutions, LLC",1,
"Galloway & Company, Inc.",1,
Gamma Technologies,7,
Gap Inc.,1,
Gas Technology Institute,2,
Gas Transmission Systems Inc,1,
GDMS,4,
GE Healthcare,1,
"GenapSys, Inc.",14,
Genentech,4,
Generac Power Systems,6,
General Atomics and Affiliated Companies,31,
General Dynamics Information Technology,11,
General Dynamics Mission Systems,6,
General Dynamics Ordinance and Tactical Systems,1,
General Dynamics Ordnance and Tactical Systems,8,
General Electric,3,
"Genesis Engineers, Inc.",3,
GEO Semiconductor,3,
Geologics Corporation,1,
Georgia Tech Research Institute,5,
Geoscape Solar,1,
GH Phipps Construction Companies,2,
Ghirardelli Associates,1,
"Ghost Productions, Inc.",1,
Gifford Fong Associates (GFA),1,
GKN Aerospace,1,
GlassPoint Solar,2,
Global Linguist Solutions,1,
GLOBALFOUNDRIES,1,
"GlobalLogic, Inc.",1,
Globus Medical,1,
GM Nameplate,1,
GMEP Engineers,2,
Gogo Commercial Aviation,1,
GokeUSLab,1,
Golder Associates,1,
GoldSim Technology Group,1,
GOLDWIND USA INC,1,
Good Samaritan Hospital,2,
Google,52,
Gosiger,1,
GouMax Technology,3,
Graco,2,
"Graphic Packaging International, Inc.",2,
Green Tokai Co. Ltd.,1,
"GREEN TOKAI CO., LTD.",2,
Greenbusch Group,1,
"Greene, Tweed & Co.",2,
"Grifols Shared Services North America, Inc",1,
Grubhub,1,
Gryphon Technologies,1,
GSH Group,1,
GSK,5,
"H.O. Bostrom Company, Inc.",1,
Haag,1,
"Hallberg Engineering, Inc.",2,
Halpin Staffing Services,1,
Hamamatsu Corporation,2,
Hamon Deltak Inc.,2,
Hargrove Engineers + Constructors,3,
Harley-Davidson,1,
Harmon Inc.,2,
"Harmon, Inc.",2,
Harris,2,
Harris Group,1,
Haskell,1,
Haskell Architects & Engineers,1,
"Hatz Diesel of North America, Inc.",1,
HAVI,1,
Hawk Ridge Systems,1,
Hazen and Sawyer,1,
HCL America Inc,2,
HCL Americas,5,
HDR,5,
Headway Technologies,1,
Heartwood,3,
Heat and Control Inc.,2,
Helbling Precision Engineering Inc.,1,
Hennepin County,1,
Hennepin Healthcare,2,
Henny Penny,1,
Heraeus,2,
Herzing University,5,
Hewlett Packard Enterprise,4,
Hexcel Corporation,1,
HGA Architects & Engineers,2,
Hidden Path Entertainment,1,
Highlands Ranch Metro and Centennial Water & Sanit...,1,
"Hitachi America, Ltd.",2,
HNTB,2,
HNTB Corporation,4,
HOK,1,
Holland LP,1,
Holtec International,12,
HomeSalesCO LLC,1,
Honda Research Institute USA,2,
Honeywell,12,
Hooper Corporation,1,
"Human Capital Solutions, Inc (on behalf of hiring...",1,
HumCap Recruiting,1,
Huntington Ingalls Industries (HII-MDIS),1,
"HUSCO International, Inc.",1,
HX5,2,
"Hydra-Flex, Inc.",2,
Hyve Solutions,2,
IBC Engineering Services,2,
"iCAD, Inc",2,
ICF,1,
"ICS Consulting, Inc.",3,
Ideahelix Inc,2,
IDEO,1,
Idex Corporation,4,
"ifm efector, inc.",2,
IGG,3,
IHS Markit,1,
II-VI Optical Systems,1,
Illumina,1,
IMAGINiT Technologies,4,
IMC Financial Markets,2,
IMEG Corp,2,
IMI Precision Engineering,7,
"IMPAKT, a Celestica Company",1,
Impinj,1,
IMS Technology,1,
IMS Technology Services Inc,1,
In-Depth Engineering Corporation,2,
INanoBio,1,
Inceptio Technology,2,
InContext Solutions,2,
Incubelabs,1,
Indeck Power Equipment Company,1,
Inductotherm Corp.,1,
Industrial Tests Inc.,2,
Infinera,2,
infiniRel,2,
"Infinity Machine & Engineering, Corp",2,
Infotree Service Inc,4,
Ingersoll Rand,3,
Inland Metal Technologies,2,
INNIO,1,
"Innovyze, Inc.",1,
"Inscopix, Inc.",2,
Inscripta,1,
Insight Global,2,
Intact Solutions,1,
"Integral Consulting Services, Inc.",2,
Integre Technologies,2,
Intel,21,
Intelicis,1,
Intense Engineering,1,
Intermolecular,1,
Intermountain Electric,1,
Intertek,1,
"Inteva Products, LLC",1,
Intralox,1,
Intrexon Corp,1,
"Intuitive Surgical, Inc.",10,
Intuity Medical,4,
Invenergy,1,
Invetech,2,
Invitae,1,
iota Biosciences,1,
IPS-Integrated Project Services,1,
Ipsos North America,1,
"IPTE Alpharetta, GA, USA",1,
IQVIA,1,
ISG,2,
itech informatix,1,
ITW,3,
ITW Corporate,1,
ITW Professional Automotive Products,1,
ITW Specialty Products,1,
ITW Test & Measurement and Equipment,1,
IVEC Systems,2,
Ivec Systems Inc,1,
"J.C. Penney Corporation, Inc.",1,
"J.F. Shea Construction, Inc.",3,
Jabil Circuit,2,
Jacobs,17,
Jam City,1,
JB University,1,
JBT Corporation,1,
JDA TSG,3,
"Jefferson - Center City, Philadelphia, PA",7,
"Jefferson - Montgomery County, PA",1,
"JENSEN HUGHES, Inc.",1,
Jettison,1,
JLL,1,
JNE Consulting,1,
Jobot,3,
Joby Aviation,23,
John Henry Foster,1,
Johns Manville,2,
Johnson & Johnson Family of Companies,11,
Johnson Controls,4,
Johnson Electric,1,
Johnson Matthey,2,
Johnstech International,6,
JP Morgan Chase,1,
JSR Micro,1,
Jump Trading,2,
Juniper Networks,2,
K&A Engineering Consulting,2,
Kairos Power LLC,13,
Kaiser Permanente,3,
Kandou Bus,1,
Kandou Bus SA,1,
"Kapco, Inc.",1,
"Karges-Faulconbridge, Inc",3,
Kavo Kerr,1,
KBMax CPQ,2,
KBRWyle,4,
KEB America,2,
Kerry,1,
Kettering Health Network,2,
Keysight Technologies,4,
Keystone Tower Systems,1,
KEYW Corporation,1,
Keywords Studios,1,
Kiewit Corporation,1,
"Kimley-Horn and Associates, Inc.",2,
Kingman Regional Medical Center,1,
Kitty Hawk,6,
KLA-Tencor,30,
KLA+ Corporation,12,
Knight Partners,1,
Knowles,1,
Koam Engineering Systems,2,
KOCH ENGINEERED SOLUTIONS,1,
Kodak,3,
Kodiak Robotics,2,
Komatsu,2,
Konecranes,1,
Kontron America Inc Jobs,4,
KPFF Consulting Engineers,2,
Kranze Technology Solutions,6,
Kulicke and Soffa,2,
KVInc.,1,
KVK Tech,1,
kW Mission Critical Engineering,1,
Kymeta,1,
L&T Technology Services,1,
L&T Technology Services Ltd.,3,
L3 Technologies,2,
L3Harris,5,
L3Harris Technologies,16,
Laboratory Testing Inc,1,
Labyrinth Learning,1,
LaFrance,1,
LaFrance Corp,1,
Lake Superior Consulting (A Shawcor Company),2,
Lake Washington Institute of Technology,1,
Lam Research,6,
LanzaTech,2,
Laporte Consultants Corp.,1,
Lattice Innovation Inc,1,
Lattice Semiconductor Corp,6,
Lawrence Berkeley National Laboratory,5,
Lazarus Naturals,1,
LB&B Associates Inc.,2,
LCC,1,
LDX Solutions,1,
Legrand,3,
Leidos,9,
Lenovo,1,
Leonardo DRS,4,
"Level Ex, Inc.",1,
Lewiz communications,4,
Liberty Personnel Services,1,
"LiDestri Foods, Inc.",1,
Life Cycle Engineering,1,
Life Time,3,
Light Field Lab,2,
Linamar Corp,6,
LinaTech LLC,1,
Lincoln Healthcare,5,
Lindblad Expeditions,1,
LinQuest Corporation,1,
"Liquid Robotics, a Boeing Company",2,
Listen,1,
Lockheed Martin,1,
LOCKHEED MARTIN CORPORATION,102,
Loft Orbital Solutions,2,
Loon,9,
Loram,2,
Loyola University Chicago,2,
LTK Engineering Services,3,
Lubrizol Corporation,1,
Lucas Milhaupt,1,
Lucas-Milhaupt,2,
Lucasfilm,1,
Lucid Motors,71,
Lumenous Device Technologies,2,
Luminii,1,
Luminii LLC,2,
"LUXSHARE-ICT, Inc",4,
Luxus,1,
Lyft,7,
"MacAulay-Brown, Inc. (MacB)",3,
Madison Area Technical College,1,
Madison Emergency Physicians,1,
Magrann Associates,2,
Malin Space Science Systems,1,
Manson Construction Co.,1,
"Mantle, Inc.",1,
maptalent,2,
Marine Systems Corporation,1,
Marki Microwave Inc,2,
Marlo Incorporated,1,
Marquette Partners,1,
Marquette University,1,
"Marriott International, Inc",2,
MasTec Network Solutions,1,
Mathematica Policy Research,7,
MathWorks,1,
Maxar Technologies,46,
MaXentric,1,
Maxim Integrated,7,
Maximum Manufacturing,1,
McCain Foods USA Inc.,1,
McCarthy Building Co,1,
McCormick Taylor,1,
McDonald's Corporate,1,
MCKEAN DEFENSE/CABRILLO TECHNOLOGIES,7,
McKinstry,4,
McMillen Jacobs Associates,1,
"MCR, LLC.",1,
MDC Vacuum,1,
MediaTek,2,
Medical College of Wisconsin,3,
Medline Industries Inc,1,
Medtronic,4,
MEI Technologies,1,
Memjet,1,
"MEP Associates, LLC",2,
MEP Engineering,1,
Mercy Flight Central Inc.,3,
Mercy Health,1,
Merrick & Company,5,
Mesirow Financial Administrative Corp,1,
Metamaterial Technologies Inc.,2,
Metis Technology Solutions Inc,5,
MGIC,1,
"MGS Mfg. Group, Inc",1,
"Mi-Jack Products, Inc.",1,
Miba,1,
Microchip Technology,1,
Micron,2,
Microsoft,18,
MicroVision,1,
"Microwave Innovations, Inc.",4,
Middough Inc.,1,
Midwestern University,2,
Milestone AV Technologies,1,
Milwaukee Electric Tool Corporation,5,
Milwaukee School of Engineering,1,
Milwaukee Tool,5,
Minneapolis Community and Technical College,2,
Minnesota Oncology P.A.,4,
Mitchell Hamline School of Law,2,
Mizuho OSI,3,
Mobiveil,2,
Modern Electron,3,
"Modern Technology Solutions, Inc. (MTSI)",2,
Mojo Mobility,1,
Molex,2,
Monarch Tractor,1,
Monterey Mechanical Company,2,
Moog,2,
Moorhead Machinery and Boiler Company,2,
Morgan Advanced Materials,6,
Morgan Properties,1,
Morgan Stanley,1,
Morrison Products Inc.,1,
Morton College,3,
MothersonSumi Infotech and Designs Ltd.,1,
Motion & Control Enterprises,1,
Motorola Solutions,1,
"MSA Professional Services, Inc.",1,
MSB Global Resources,3,
MTech Mechanical,2,
Multi-Fab Products,1,
Murphy Company Mechanical Contractors and Engineer,1,
My Future Consulting - Staffing,1,
n&k technology,7,
Nanometrics Incorporated,2,
Natera,2,
Natilus,8,
National Aerospace Solutions,8,
National Air and Space Intelligence Center (NASIC),2,
National Renewable Energy Laboratory,12,
Natural Talent LLC,1,
Natus Medical Incorporated,1,
NAVIS,1,
"Navistar, Inc.",2,
Navos,1,
NDI Engineering,1,
Neato Robotics,1,
Neenah Foundry Company,1,
NeoCoil,1,
Neumes Consulting,2,
NEURALINK,2,
New Hudson Facades,1,
NewmanSearch,2,
Next Generation Technology Inc.,2,
Next Level Professional,4,
NFI Industries,3,
NHK International Corporation,2,
Nidec Motor Corporation,1,
Nielsen,1,
Nika,1,
Nikola,3,
Nilfisk,1,
Nintex,1,
NJOY,1,
NOKIA,2,
Nor-Cal Products,2,
NORC at the University of Chicago,2,
Norco Manufacturing,1,
Nord Gear Corporation,2,
Nordco Equipment Services,2,
"Nordex USA, Inc.",1,
Nordson,6,
Nordson Medical,3,
"North Star Imaging, an ITW Company",1,
North Suburban Medical Center,1,
Northrop Grumman,29,
NorthStar Medical Technologies,1,
Northwest Community Healthcare,1,
Northwestern University,4,
Notable Labs,1,
Notkin Engineers,1,
Novaspect,2,
NV5,3,
NVIDIA,27,
Oakton Community College,2,
Oasis Systems LLC,1,
"Odyssey Systems Consulting Group, Ltd",1,
Off the Grid,2,
Oliver Healthcare Packaging,1,
Olympic College,1,
omega solutions inc,1,
Omni Design Technologies,1,
Omnicell,3,
Omniome Inc.,2,
Omniscience,1,
"Omnivision Technologies, Inc",10,
OnScale,1,
Open Access Technology International (OATI),2,
Opener,15,
openwater (openwater.cc),3,
"Operating Company TOYS FOR BOB, INC.",1,
OPEX Corporation,2,
Ophir Corporation,1,
Ophir Corporaton,1,
Opti Staffing Group,1,
Optical Systems,4,
Optimal Solutions,1,
"Optimar US, Inc.",1,
Optimas Solutions,1,
Optimum Energy,1,
Optimum Energy Design,1,
Optimum Sorting,1,
Optimum Sorting US,1,
Options Clearing Corporation,1,
Oracle,8,
"Orbis, Inc.",2,
Orbital Engineering,1,
Orbus Exhibit & Display Group,1,
Orbus Inc,1,
Orolia,4,
Osaro,1,
"OSG USA, Inc.",1,
OSW Equipment And Repair,1,
"OTHON, Inc. Consulting Engineers",2,
OURS Technology Inc.,2,
Overhead Door Corporation,1,
Oxford Instruments Plc,2,
PACCAR,13,
Pace Analytical,2,
Pacific Gas And Electric Company,1,
Pacific Market International,1,
Pacific Northwest National Laboratory,1,
PacMoore,1,
PAE,1,
PAE Consulting Engineers,4,
Palo Alto Networks,2,
Pan Stone Europe,1,
Panasonic Corporation of North America,1,
"PaR Systems, Inc.",1,
Paragon Engineering Corporation,1,
Paragon Space Development Corporation,1,
Paramit Corporation,1,
"PARC, a Xerox company",1,
"Park Computer Systems, Inc.",1,
Parker Hannifin Corporation,4,
Parsons,1,
PAVIR,2,
PayPal,2,
PBF Energy,1,
"PCB Piezotronics, Inc.",2,
PDF Solutions,2,
PDS IG Equipment,1,
"PDSI Technical Services, Inc.",2,
Pen-tech,2,
Penn Power,3,
Penn State University,1,
Penn Technical Staffing,1,
Pennoni,1,
Pensar Development,1,
Pentair,2,
Penumbra US,5,
PEOPLE CORE,1,
Peopleware Technologies,1,
Pepper Hamilton LLP,2,
Perspecta,7,
"PESystems, Inc.",4,
Peter Albrecht Company,1,
PFlow Industries,2,
PGi,1,
Phantom AI,2,
PHIHONG USA,3,
Philips,3,
Phillips and Temro Industries,2,
"Phillips Service Industries, Inc.",1,
Phillips-Medisize,2,
Phoenix LLC,4,
Piasecki Aircraft Corporation,1,
PIC Group,2,
PIC Group Inc.,1,
PickNik,1,
"PillPack, LLC",1,
Piney Technical Services,1,
PINN Rehab,1,
Planet,1,
Plenty,8,
Plug Power Inc,1,
PlusAI,2,
Poclain Hydraulics,1,
Pohlad Companies,1,
Polaris Industries,1,
PolarOnyx,6,
Port of Seattle,1,
Postmates,3,
"POWER Engineers, Inc.",3,
Power Integrations,1,
"Power Solutions International, Inc.",1,
Prairie State College,1,
Praxair,2,
Presbyterian/St. Luke's Medical Center,1,
Prevailance Inc,1,
Preventa Medical Corporation,1,
Prime Care Coordination,1,
Primera,3,
Principia Engineering,2,
ProbablyMonsters,1,
PROCEPT BioRobotics Corporation,2,
"Proctor Sales, Inc.",1,
Production Systems,2,
"Progress Rail, a Caterpillar Company",1,
Progressive Machine & Design,1,
Promaxo,1,
ProPlus Design Solutions,1,
Protagonist Therapeutics,1,
PTS Diagnostics,1,
PUBG San Ramon,1,
"Pulice Construction, Inc.",1,
Pyrotek Inc,1,
QCraft,2,
Qorvo,1,
Qualcomm,25,
QualiTest,2,
Qualys,1,
"Quanta Computer USA, Inc.",1,
"Quanta U.S., Inc.",1,
Quantadyn Technical Services Corporation,1,
Quantech Services,2,
Quantum Leap Healthcare,1,
Quartus Engineering,2,
Québec Immigration Office,2,
"Quik Pak, a Division of Promex Industries Inc",1,
R. A. Zweig,1,
R&P Technologies,1,
Racine Metal Fab,1,
Radiance Technologies Inc.,10,
Radiant Vision Systems,1,
Radius Design,1,
Radwell,1,
Rainier Industries,1,
RAM Mounts,1,
Rand McNally,1,
Rand SIM,4,
RANDO MACHINE CORPORATION,2,
Randstad Engineering,3,
Raytheon,9,
RCS Corporation,5,
RE Tech Advisors,2,
Red Nucleus,1,
Regal Beloit,1,
Regional Medical Center of San Jose,2,
Regions Hospital,5,
Regis University,2,
Relativity,1,
Relayr,1,
"ReliaQuest, LLC.",1,
Remedy Intelligent Staffing,1,
Renton Technical College,1,
Replica,1,
Resure Technology,4,
REV Group,1,
Reyes Beer Division,1,
RF-Lambda,1,
RFA Engineering,6,
Ricardo,3,
Ricoh,1,
"Ricondo & Associates, Inc.",1,
Right Paradigm Consulting,1,
Rimkus Consulting,2,
"Rimkus Consulting Group, Inc.",4,
Rincon Research Corporation,1,
Riverside Research,5,
Riverside Research Institute,3,
RMS Company,2,
Roche,3,
Rochester Institute of Technology,1,
Rochester Precision Optics,1,
Rochester Regional Health,1,
Rock West Composites,1,
Rockwell Automation,2,
"RODO Medical, Inc.",2,
"Rogers Machinery Company, Inc.",1,
Rohrer Corporation,1,
Romac Industries,1,
Rowan College at Burlington County,2,
Rowan University,3,
RRH Learning Center,1,
RUAG,1,
"Ruchman and Associates, INC",2,
Rush University Medical Center,1,
"Russell Sigler, Inc.",1,
Rust-Oleum,2,
Rutgers University,1,
Ryder,1,
Ryzen Solutions,2,
S & C Electric Company,3,
S&S Cycle Inc.,5,
"SA Photonics, Inc.",13,
Sabel Systems,1,
Sackett Systems,1,
Sacré-Davey Engineering Inc.,1,
Safe Fleet,4,
Safran,1,
SAIC,47,
SAIC Innovation Center,8,
SAINT-GOBAIN,1,
Salas O'Brien,3,
"Salus Discovery, LLC",1,
Samsara,2,
San Diego State University,2,
San Mateo County Community College District,1,
Santa Clara Valley Transportation Authority,2,
SAP,2,
Sargent & Lundy,13,
Satellite Services Inc.,3,
Saudi Aramco,1,
Savioke,2,
Sayres & Associates,1,
ScaleFlux,1,
Schold Manufacturing,1,
School District of Philadelphia,2,
Schreiber Foods,1,
Schwing Bioset,2,
Scientific Games,2,
SCOTTY,1,
SDSU Research Foundation,2,
Seagate Technology,8,
SEAKR Engineering,2,
Seattle Children's Hospital,1,
Seattle Safety,1,
Security Risk Advisors,1,
Sei,1,
Semtech,1,
Sensata Technologies,1,
"Sentons, Inc",3,
Setpoint Systems Corporation,2,
SETTY,1,
ShaleApps,2,
Sheehy Mail Contractors,1,
Shell,1,
SHIELD AI,2,
Shimmick Construction,2,
SHINE Medical Technologies,1,
Shipbob Inc,1,
Shipt,1,
Shure Incorporated,1,
Shutterfly,2,
Siemens,7,
Sierra Nevada Corporation,19,
Sigma Design,1,
Sigmaways,3,
Signature Consultants,1,
Silfex,1,
Silk Road Medical,1,
"Silotech Group, Inc",1,
Simu Tech Group,4,
Singularis Solutions,3,
SiTime,1,
SiTime Corporation,3,
Sivaltech,1,
"SKF Motion Technologies, Inc.",1,
"SKIDMORE, OWINGS & MERRILL LLP",1,
"Skidmore, Owings & Merrill LLP (SOM)",1,
Skills Inc.,1,
Skycart Inc.,3,
Skydio,3,
Skymind,1,
"SkyWater Technology Foundry, Inc.",7,
SLAC National Accelerator Laboratory,12,
SMART Modular Technologies,2,
SmartWatt,2,
SMC,2,
Smith Seckman Reid,1,
SMS group Inc,1,
Socionext Inc,1,
Software Motor Company,4,
SOLUTE,4,
"Sonendo, Inc.",1,
Sonos,1,
Sony Electronics Inc,1,
Sony Interactive Entertainment PlayStation,1,
SoundHound Inc.,3,
Southland Industries Inc.,2,
Southwest Leadership Academy,2,
Space Micro,3,
Spaceflight Industries,3,
SpaceX,14,
Specialty Food Process Technologies,1,
Speck Products,2,
Springs Window Fashions,1,
SPX,1,
SPX Flow,3,
SPX Transformer Solutions,1,
Square,1,
SRAM Corporation,1,
"SRC, Inc.",1,
SRF Consulting,2,
SSI,3,
SSL (Space Systems Loral),1,
SSM Health St. Mary's Hospital - Madison,1,
St Christophers Hospital,2,
Stafkings Personnel Systems,1,
"Stainless Foundry & Engineering, Inc.",1,
Stanford Health Care,9,
Stanford Hotels Corporation,1,
Stanford University,4,
"Stanley Consultants, Inc.",3,
Stantec,5,
Starbucks,1,
Starkey Hearing Technologies,3,
State of Minnesota,2,
Stealth Space Company,3,
Steele Solutions,1,
Steelwind Industries,1,
Stellar Peak,3,
StellarPeak Corp.,1,
Stellartech Research Corporation,4,
Stifel,1,
Stolle Machinery,1,
"Stratasys, Inc.",1,
Strategic Operations Inc,1,
"Stratom, Inc.",2,
Strattec,1,
Strattec Security Corp.,1,
Strom Minnesota,2,
Stryker,1,
STV,1,
"Sub-Zero Group, Inc.",4,
Sub-Zero Wolf,2,
SUEZ,4,
Sumaria Systems Inc.,1,
"Summit Technology Services, Inc",1,
Sunbelt Controls,1,
Sunfolding,1,
Sunpower,2,
SunSource,1,
"Super Micro Computer, Inc.",11,
Superior Controls,1,
Supracor,1,
SureSite Consulting Group LLC,1,
Surface Optics Corporation,1,
SURVICE Engineering Company,6,
Susquehanna International Group,4,
Sutter Health,4,
Swedish Medical Center,2,
"Swedish Medical Center - Seattle, WA",1,
Synaptics,8,
Syncroness,1,
Synopsys,6,
Syska Hennessy Group,1,
System One,2,
Systemart LLC,1,
Systima Technologies,1,
T&M Associates,1,
Tachyum,1,
Talas Engineering,2,
"Tandem Diabetes Care, Inc.",2,
Tango Systems,1,
Tanisha Systems,3,
TARGET,9,
"TDI Technologies, Inc.",1,
TE Connectivity,3,
"Technical Machinery Solutions, Inc. - Graphic Inno...",1,
Tekruiting,2,
Tektronix,1,
Teledyne LeCroy PSG,1,
Teledyne Scientific & Imaging,3,
Temple University Health System,1,
Tempo Automation,2,
Tenergy,1,
Teoresi Inc,1,
Terex Corporation,2,
Terra Education Inc./Summer Springboard,2,
Tesla,72,
TESSEC Manufacturing Services,1,
Teton Simulation,1,
Tetra Tech,12,
Texas Instruments,3,
TGS Management Corporation,1,
The Exit Game,1,
The GBS Group,1,
The Global Edge Consultants,4,
The Hillman Group,2,
The Laboratory Charter School,1,
The Lane Construction Corporation,1,
"The Lisbon Group, LLC",3,
The Marketing Store,1,
The Medical Center of Aurora,1,
The Mice Groups,5,
The Roberts Group,1,
The Staffing Solutions Group,3,
The Timken Company,1,
The Toro Company,2,
The University of Chicago,5,
The University Of Denver,1,
Therma,2,
Thermal Care,1,
Thermal Product Solutions,2,
"Thermal Spray Technologies, Inc",2,
Thermo Fisher Scientific,6,
Thornton Tomasetti.,1,
Timesavers,2,
"Tipping Point Solutions, Inc.",1,
tk1sc,2,
TLG Aerospace,6,
TM Engineering,2,
TMP WORLDWIDE,1,
Toast,1,
"Tolomatic, Inc.",1,
Tompkins Bank of Castile,1,
TOMRA,3,
TOMRA Sorting Solutions,2,
Topcon,1,
TopGolf,7,
Tortuga Logic,2,
Tosca,1,
Tour Engine,1,
Toyota Research Institute,6,
Trackonomy,1,
Tramec LLC,1,
TransMontaigne,1,
TRC,2,
TRC Companies Inc,2,
Treau,3,
Trek Bicycle,1,
"TrellisWare Technologies, Inc",1,
Trex Commercial Products,1,
"Trex Company, Inc.",3,
Trex Enterprises Corporation,1,
TricorBraun,1,
Trimble,1,
Tripp Lite,1,
Triton College,1,
Triumph Group,1,
"Triumph Group, Inc.",1,
"TriVector Services, Inc.",4,
troemner,1,
Truckstop.com,1,
TTM Technologies,1,
TTM Technologies - North America,4,
TVS,1,
U.S. Army,3,
U.S. Engineering,1,
"U.S. Pipe, A Forterra Company",2,
Uber,3,
UC San Diego,1,
UChicago Medicine,1,
udelv,12,
"UES, Inc.",1,
UL LLC,2,
Ulteig,1,
Ultra Clean Technology,1,
UMC,1,
umlaut North America,2,
UNFI,1,
Unigen,2,
Union Tank Car Company (UTLX),1,
"Uniquify, Inc",2,
Unisys,1,
United Launch Alliance,8,
United States Army,1,
UNITED STATES ARMY / ARMY RESERVE,1,
United States Army & Army Reserve,1,
"United States Army, Active Duty & Army Reserves",1,
United States Navy Career Center South Bay,2,
Univar Solutions,1,
Universal Electronics,2,
University of California Berkeley,6,
University of California San Francisco,2,
University of California San Francisco Medical Cen...,2,
University of Colorado,3,
University of Colorado Boulder,2,
University of Dayton,8,
University of Illinois at Chicago,1,
University of Minnesota,14,
University of Pennsylvania,2,
University of Pennsylvania Health System,5,
University of Puget Sound,1,
University of Rochester,1,
University of San Diego,1,
University of the Pacific,1,
University of Washington,14,
University of Wisconsin–Madison,4,
University of Wisconsin–Milwaukee,1,
UPL North America Group Companies,1,
"Urban Engineers, Inc.",1,
UROPARTNERS,1,
US Army,1,
US Department of Defense,4,
US Department of the Air Force,1,
US Department of the Army,2,
US Department of the Navy,2,
US Foods,1,
USSC Acquisition Corp,1,
UST Global,5,
UW CREST,1,
UW Health,3,
Valdes Engineering Company,1,
Valen Analytics,1,
Vanguard,1,
Vantage,1,
Vapor Systems Technologies,1,
Varian Medical Systems,9,
Varstaff,2,
vCom Solutions,1,
"vCom Solutions, Inc.",1,
Vector Atomic,2,
Vectra Bank,1,
Veeco,2,
Velocity Consulting Solutions,1,
Velodyne,6,
Veolia US,1,
Verathon,1,
Verb Surgical,1,
Verkada,2,
VERSA Engineering & Technology,2,
Vertilite,2,
Vertiv Co.,2,
"View, Inc.",2,
"ViewRay, Inc.",1,
"Vigor, LLC",1,
Villanova University,1,
Vireo Health Inc.,2,
Virginia Mason Medical Center,1,
"VisionWorks Engineering, LLC",1,
Visteon Corporation,1,
Vita Inclinata Technologies,3,
Vitac,1,
Vizyontech Imaging,2,
Volt Workforce Solutions,1,
W. R. Grace & Co.,1,
Wacker Chemical Corporation,1,
Wacker Neuson Group,2,
Wagner Spray Tech,2,
Waymo,18,
Waystar,1,
Webcor Builders,2,
WEG Electric Corp,2,
Welch Allyn,2,
Wells Fargo,20,
Wells Fargo Bank,2,
Wenck Associates,1,
West Philadelphia Achievement Charter Elementary School,1,
Western Digital,2,
Whirlpool Corporation,2,
Whitehall Human Resources,1,
Wi Labs Inc.,1,
Widener University,2,
Willdan,2,
Willis Towers Watson,2,
Wind River,1,
Wing,8,
"Winslow Automation, Inc.",1,
Wish,1,
"Wiss, Janney, Elstner Associates",1,
Wolseley Industrial Group,1,
Wood,2,
"Woodward, Inc.",1,
Woolpert,1,
Worley,1,
Wright State University,3,
WSP USA,2,
Wuxi AppTec,1,
Wyandotte Tribe of Oklahoma,1,
WYNRIGHT,1,
Wynright Corporation,1,
Wyzant,1,
X-Scan Imaging Corporation,2,
Xcel Energy,3,
XCOM Labs,1,
xentity corporation,2,
Xerox Corporation,4,
ximedica llc,1,
XMotors.ai,3,
XSITE LLC,1,
Xylem,2,
"Xyntek, Inc",3,
"Yamaichi Electronics USA, Inc.",2,
Yaskawa America Inc.,2,
"Yaskawa America, Inc.",1,
Young Stealth Company,2,
Zachry Group,2,
Zacuto LLC,1,
Zayo Group,1,
zealogics,1,
ZEISS Group,7,
Zero Motorcycles,2,
Zing Professional Recruiting,1,
ZLLIUS,2,
"Zoomlion Heavy Industry NA, Inc.",1,
Zosano Pharma,2,
Zscaler,1,
Zulily,1,
(empty),,
Total Result,4829,
